CustomerID,Age,Gender,Tenure,MonthlyCharges,TotalCharges,ContractType,InternetService,TechSupport,PaymentMethod,MonthlyUsageGB,NumComplaints,Churn
1001,29,Female,9,60.41,543.69,One year,Fiber optic,Yes,Credit Card,164,0,No
1002,45,Female,56,88.6,4961.6,One year,DSL,Yes,Electronic Check,47,0,No
1003,22,Male,70,40.74,2851.8,One year,DSL,Yes,Cash,166,4,No
1004,35,Female,45,58.47,2631.15,One year,DSL,No,Credit Card,87,5,No
1005,39,Female,16,99.45,1591.2,Two year,DSL,No,Electronic Check,190,3,No
1006,53,Male,51,87.12,4443.12,Two year,Fiber optic,No,Bank Transfer,133,4,Yes
1007,65,Male,48,46.92,2252.16,Month-to-month,Fiber optic,No,Cash,227,0,No
1008,51,Female,6,64.68,388.08,Two year,DSL,Yes,Bank Transfer,43,1,No
1009,55,Female,71,58.57,4158.47,One year,Fiber optic,Yes,Cash,240,5,No
1010,53,Female,17,81.49,1385.33,Month-to-month,Fiber optic,No,Bank Transfer,169,3,No
1011,52,Female,46,73.15,3364.9,One year,DSL,Yes,Bank Transfer,180,4,Yes
1012,32,Female,12,103.88,1246.56,Month-to-month,DSL,Yes,Credit Card,155,0,No
1013,38,Male,32,61.49,1967.68,One year,Fiber optic,Yes,Bank Transfer,80,2,No
1014,54,Female,22,92.53,2035.66,One year,Fiber optic,No,Cash,69,0,No
1015,40,Female,50,67.47,3373.5,Month-to-month,Fiber optic,Yes,Cash,249,0,No
1016,35,Male,3,71.79,215.37,One year,Fiber optic,Yes,Cash,97,4,Yes
1017,62,Female,4,71.59,286.36,Two year,Fiber optic,Yes,Electronic Check,72,1,Yes
1018,24,Female,40,45.66,1826.4,Two year,DSL,No,Electronic Check,73,0,Yes
1019,56,Female,5,87.25,436.25,Month-to-month,DSL,No,Bank Transfer,128,0,Yes
1020,34,Female,56,87.31,4889.36,One year,Fiber optic,Yes,Electronic Check,196,3,No
1021,39,Male,3,52.56,157.68,One year,Fiber optic,Yes,Electronic Check,212,0,No
1022,45,Female,71,67.51,4793.21,Two year,DSL,Yes,Credit Card,61,1,No
1023,31,Female,22,112.88,2483.36,Two year,Fiber optic,No,Electronic Check,127,0,No
1024,39,Female,31,109.39,3391.09,Month-to-month,DSL,No,Credit Card,144,0,No
1025,45,Female,19,106.28,2019.32,Month-to-month,DSL,Yes,Electronic Check,133,2,No
1026,57,Female,69,114.01,7866.69,Month-to-month,DSL,No,Credit Card,197,5,No
1027,21,Male,12,73.08,876.96,Month-to-month,DSL,No,Bank Transfer,69,3,No
1028,31,Female,31,52.72,1634.32,One year,Fiber optic,No,Cash,120,0,No
1029,34,Female,41,43.17,1769.97,Two year,Fiber optic,No,Cash,120,3,Yes
1030,25,Male,9,113.07,1017.63,One year,DSL,No,Electronic Check,106,1,No
1031,55,Male,27,64.59,1743.93,One year,DSL,No,Credit Card,206,4,No
1032,62,Female,44,115.26,5071.44,Month-to-month,Fiber optic,Yes,Electronic Check,242,4,No
1033,40,Male,32,66.75,2136,Month-to-month,DSL,Yes,Bank Transfer,142,0,No
1034,38,Male,71,109.4,7767.4,Two year,DSL,No,Electronic Check,166,3,No
1035,30,Male,13,80.11,1041.43,Two year,DSL,Yes,Bank Transfer,76,2,No
1036,40,Female,14,96.75,1354.5,Month-to-month,DSL,Yes,Credit Card,239,2,No
1037,60,,71,107.26,7615.46,Month-to-month,Fiber optic,No,Bank Transfer,52,5,No
1038,63,Female,32,60.21,1926.72,One year,Fiber optic,No,Cash,42,3,Yes
1039,42,Female,22,60.64,1334.08,Two year,DSL,Yes,Electronic Check,188,1,Yes
1040,58,Female,17,51.08,868.36,One year,Fiber optic,Yes,Credit Card,99,3,No
1041,21,Female,23,82.3,1892.9,Two year,DSL,Yes,Electronic Check,166,5,No
1042,51,Female,29,97.03,2813.87,Two year,DSL,Yes,Credit Card,235,4,No
1043,62,Male,48,52.76,2532.48,One year,Fiber optic,No,Electronic Check,82,5,No
1044,65,Female,60,87.57,5254.2,Month-to-month,DSL,No,Cash,95,4,No
1045,24,Female,64,94.53,6049.92,One year,DSL,Yes,Credit Card,246,2,No
1046,61,Male,13,61.4,798.2,Two year,DSL,No,Bank Transfer,137,3,No
1047,46,Female,22,112.81,2481.82,Month-to-month,DSL,No,Cash,70,5,No
1048,39,Male,36,59.86,2154.96,Month-to-month,Fiber optic,Yes,Credit Card,200,4,No
1049,36,Male,34,56.53,1922.02,One year,Fiber optic,No,Cash,242,1,No
1050,55,Male,46,79.26,3645.96,Two year,Fiber optic,Yes,Electronic Check,247,0,No
1051,22,Female,16,85.54,1368.64,Two year,DSL,Yes,Electronic Check,186,2,Yes
1052,48,Female,65,94.18,6121.7,Month-to-month,DSL,No,Cash,129,2,No
1053,55,Female,52,67.15,3491.8,Month-to-month,Fiber optic,No,Bank Transfer,182,0,No
1054,38,Female,66,55.91,3690.06,Two year,Fiber optic,Yes,Cash,198,5,No
1055,54,Female,26,68.75,1787.5,Two year,Fiber optic,No,Electronic Check,199,4,Yes
1056,65,Female,9,79.42,714.78,Two year,DSL,No,Bank Transfer,202,3,No
1057,38,Male,23,101.4,2332.2,One year,Fiber optic,No,Electronic Check,78,3,No
1058,37,Female,63,53.57,3374.91,Two year,DSL,No,Credit Card,130,0,No
1059,63,Male,57,41.58,2370.06,Two year,DSL,No,Electronic Check,194,2,No
1060,34,Female,68,56.62,3850.16,Month-to-month,DSL,No,Cash,170,4,No
1061,24,Female,22,63.75,1402.5,One year,DSL,No,Cash,84,3,No
1062,37,Male,43,97.28,4183.04,Two year,DSL,No,Electronic Check,150,1,No
1063,38,Female,25,45.8,1145,Two year,DSL,No,Cash,174,1,No
1064,29,Female,18,111.51,2007.18,One year,DSL,Yes,Bank Transfer,223,5,No
1065,40,Female,9,48.51,436.59,Month-to-month,DSL,Yes,Credit Card,247,4,No
1066,22,Female,28,94.66,2650.48,One year,Fiber optic,Yes,Bank Transfer,64,1,No
1067,46,Male,30,79.6,2388,Month-to-month,DSL,No,Cash,180,4,No
1068,45,Female,28,76.14,2131.92,Two year,DSL,Yes,Credit Card,51,0,No
1069,21,Female,62,65.57,4065.34,Month-to-month,Fiber optic,Yes,Bank Transfer,243,0,No
1070,21,Male,50,51.61,2580.5,Two year,Fiber optic,No,Bank Transfer,60,3,No
1071,62,Male,39,112.49,4387.11,Two year,DSL,Yes,Electronic Check,239,0,Yes
1072,48,Male,12,55.21,662.52,Two year,Fiber optic,Yes,Cash,139,2,No
1073,61,Male,35,117.57,4114.95,Month-to-month,DSL,Yes,Electronic Check,149,4,No
1074,65,Female,72,91.07,6557.04,Two year,Fiber optic,Yes,Cash,209,0,No
1075,38,Male,10,60.13,601.3,Month-to-month,DSL,No,Credit Card,53,5,No
1076,26,Female,66,77.53,5116.98,Month-to-month,DSL,Yes,Cash,210,1,No
1077,46,Male,58,41.97,2434.26,One year,Fiber optic,Yes,Electronic Check,48,3,No
1078,24,Female,34,65.06,2212.04,Month-to-month,Fiber optic,Yes,Cash,102,4,Yes
1079,56,Female,27,66.41,1793.07,Two year,Fiber optic,Yes,Bank Transfer,207,3,No
1080,54,Male,72,97.55,7023.6,One year,DSL,Yes,Electronic Check,139,4,No
1081,41,Male,13,72.76,945.88,Month-to-month,Fiber optic,No,Cash,116,2,Yes
1082,43,Male,35,66.02,2310.7,Two year,DSL,Yes,Electronic Check,226,2,No
1083,41,Female,9,76.15,685.35,One year,Fiber optic,Yes,Credit Card,74,0,Yes
1084,54,Male,63,86.05,5421.15,Two year,Fiber optic,No,Electronic Check,143,2,No
1085,50,Male,44,82.57,3633.08,One year,DSL,Yes,Credit Card,87,3,No
1086,60,Male,7,104.94,734.58,Month-to-month,Fiber optic,Yes,Credit Card,58,1,No
1087,62,Female,23,80.92,1861.16,One year,Fiber optic,Yes,Bank Transfer,193,3,No
1088,36,Male,55,76.18,4189.9,One year,DSL,No,Cash,91,0,No
1089,55,Female,49,81.14,3975.86,Two year,Fiber optic,Yes,Electronic Check,157,0,No
1090,33,Male,39,95.68,3731.52,One year,Fiber optic,No,Cash,178,4,No
1091,47,Female,40,76.2,3048,Two year,DSL,Yes,Electronic Check,202,0,Yes
1092,48,Male,5,69.47,347.35,Month-to-month,DSL,Yes,Cash,108,3,No
1093,38,Female,48,90.87,4361.76,One year,Fiber optic,Yes,Cash,130,1,No
1094,47,Female,19,41.45,787.55,One year,DSL,No,Cash,106,4,No
1095,39,Female,54,95.31,5146.74,Month-to-month,Fiber optic,No,Cash,63,0,No
1096,29,Male,27,117.32,3167.64,Month-to-month,Fiber optic,Yes,Cash,238,0,No
1097,46,Male,24,106.75,2562,Two year,DSL,No,Electronic Check,52,5,Yes
1098,27,Male,71,94.33,6697.43,One year,Fiber optic,Yes,Cash,246,5,No
1099,24,Female,28,94.14,2635.92,Month-to-month,Fiber optic,No,Cash,140,0,Yes
1100,59,Male,62,48.47,3005.14,Month-to-month,Fiber optic,No,Electronic Check,166,5,No
1101,55,Female,28,103.1,2886.8,Month-to-month,DSL,No,Electronic Check,54,4,No
1102,61,Male,57,63.99,3647.43,Month-to-month,Fiber optic,No,Bank Transfer,145,1,No
1103,29,Male,33,55.62,1835.46,Two year,DSL,No,Electronic Check,111,3,No
1104,65,Female,40,61.36,2454.4,Two year,Fiber optic,Yes,Electronic Check,85,4,No
1105,32,Female,58,82.78,4801.24,Two year,DSL,Yes,Electronic Check,199,3,Yes
1106,51,Female,43,49.47,2127.21,Month-to-month,DSL,Yes,Bank Transfer,215,0,No
1107,35,Female,26,80.24,2086.24,One year,Fiber optic,Yes,Credit Card,250,2,No
1108,60,Female,29,46.77,1356.33,One year,Fiber optic,Yes,Credit Card,124,2,No
1109,29,Male,15,60.07,901.05,One year,DSL,Yes,Credit Card,116,2,No
1110,36,Male,35,82.37,2882.95,Month-to-month,Fiber optic,No,Bank Transfer,64,5,No
1111,42,Male,36,40.64,1463.04,One year,DSL,No,Cash,63,5,No
1112,57,Female,68,78.05,5307.4,One year,DSL,No,Bank Transfer,53,4,No
1113,53,Female,15,54.01,810.15,One year,DSL,No,Electronic Check,175,2,No
1114,51,Female,17,72.26,1228.42,Month-to-month,Fiber optic,Yes,Electronic Check,154,5,Yes
1115,29,Male,20,45.95,919,One year,Fiber optic,No,Electronic Check,80,1,No
1116,45,Male,57,72.45,4129.65,One year,Fiber optic,Yes,Credit Card,248,5,No
1117,29,Male,49,99.76,4888.24,One year,DSL,No,Cash,110,2,No
1118,47,Female,52,88.46,4599.92,Month-to-month,DSL,Yes,Credit Card,190,1,Yes
1119,54,Female,66,101.06,6669.96,One year,DSL,Yes,Credit Card,183,2,No
1120,31,Female,15,102.15,1532.25,One year,Fiber optic,No,Credit Card,197,3,No
1121,47,Female,49,68.7,3366.3,One year,DSL,Yes,Credit Card,127,5,No
1122,28,Female,66,53.78,3549.48,One year,DSL,Yes,Cash,93,3,No
1123,61,Male,23,71.78,1650.94,One year,Fiber optic,Yes,Cash,230,3,No
1124,44,Male,64,92.11,5895.04,One year,Fiber optic,No,Credit Card,186,3,No
1125,38,Male,17,51.99,883.83,Month-to-month,DSL,Yes,Cash,236,3,No
1126,63,Male,65,103.83,6748.95,Month-to-month,DSL,No,Credit Card,158,3,No
1127,61,Male,30,83.02,2490.6,Two year,DSL,No,Bank Transfer,209,1,No
1128,42,Male,31,46.08,1428.48,Month-to-month,Fiber optic,Yes,Bank Transfer,149,1,No
1129,23,Male,67,97.97,6563.99,Month-to-month,Fiber optic,No,Credit Card,185,5,No
1130,24,Female,50,47.17,2358.5,Month-to-month,DSL,Yes,Credit Card,119,3,Yes
1131,38,Female,54,53.34,2880.36,Two year,Fiber optic,No,Bank Transfer,218,3,Yes
1132,65,Female,50,104.67,5233.5,One year,DSL,No,Electronic Check,84,5,No
1133,60,Male,11,98.48,1083.28,One year,Fiber optic,No,Electronic Check,138,2,Yes
1134,57,Female,60,41.08,2464.8,Month-to-month,DSL,Yes,Bank Transfer,179,3,No
1135,36,Male,18,84.31,1517.58,Month-to-month,DSL,Yes,Credit Card,47,5,No
1136,46,Male,49,73.38,3595.62,Two year,DSL,Yes,Cash,75,2,Yes
1137,33,Male,51,68.55,3496.05,One year,DSL,No,Cash,177,2,No
1138,26,Female,66,106.19,7008.54,Month-to-month,Fiber optic,Yes,Electronic Check,233,3,No
1139,37,Male,8,44.17,353.36,Month-to-month,DSL,Yes,Cash,202,4,No
1140,36,Male,27,80.34,2169.18,One year,DSL,No,Credit Card,223,0,No
1141,33,Male,49,93.04,4558.96,One year,DSL,Yes,Bank Transfer,145,2,No
1142,63,Male,54,71.88,3881.52,Month-to-month,DSL,No,Credit Card,165,1,No
1143,46,Male,69,105.79,7299.51,Month-to-month,DSL,Yes,Cash,153,1,No
1144,32,Female,65,55.2,3588,Month-to-month,DSL,No,Credit Card,127,0,No
1145,50,Male,6,106.72,640.32,One year,Fiber optic,Yes,Credit Card,184,3,Yes
1146,26,Female,52,103.73,5393.96,One year,Fiber optic,No,Cash,52,4,No
1147,51,Female,3,74.15,222.45,Month-to-month,Fiber optic,Yes,Electronic Check,146,3,Yes
1148,54,Male,4,86.05,344.2,Month-to-month,Fiber optic,No,Electronic Check,232,4,Yes
1149,23,Male,48,86.62,4157.76,Two year,Fiber optic,No,Credit Card,81,2,No
1150,44,Male,28,51.69,1447.32,One year,Fiber optic,No,Electronic Check,127,2,No
1151,59,Male,48,43.01,2064.48,One year,Fiber optic,No,Credit Card,59,5,Yes
1152,31,Female,35,73.1,2558.5,Month-to-month,DSL,Yes,Electronic Check,224,3,Yes
1153,24,Male,66,64.11,4231.26,Two year,DSL,No,Electronic Check,115,4,No
1154,29,Male,5,75.38,376.9,Month-to-month,Fiber optic,No,Bank Transfer,182,0,Yes
1155,58,Male,68,73.97,5029.96,Month-to-month,DSL,Yes,Credit Card,224,2,No
1156,50,Female,26,102.51,2665.26,One year,Fiber optic,Yes,Credit Card,43,3,No
1157,23,Male,22,60.27,1325.94,Month-to-month,DSL,Yes,Credit Card,175,1,No
1158,34,Female,57,63.1,3596.7,One year,Fiber optic,Yes,Bank Transfer,192,1,No
1159,33,Female,39,116.43,4540.77,One year,DSL,No,Credit Card,66,5,No
1160,61,Female,56,106.19,5946.64,Month-to-month,Fiber optic,Yes,Cash,195,4,No
1161,63,Female,71,115.19,8178.49,Two year,Fiber optic,Yes,Electronic Check,212,4,No
1162,40,Female,51,88.59,4518.09,Month-to-month,DSL,No,Cash,131,1,No
1163,53,Female,57,56.73,3233.61,Two year,DSL,No,Cash,53,5,No
1164,28,Female,46,109.72,5047.12,Two year,DSL,No,Cash,43,2,No
1165,42,Male,40,87.13,3485.2,Month-to-month,DSL,No,Credit Card,211,5,No
1166,25,Female,17,102.48,1742.16,Two year,Fiber optic,Yes,Credit Card,204,5,No
1167,65,Female,24,100.44,2410.56,One year,Fiber optic,No,Cash,174,3,No
1168,25,Male,26,72.62,1888.12,Two year,DSL,Yes,Bank Transfer,222,3,No
1169,45,Female,27,89.75,2423.25,Two year,Fiber optic,Yes,Electronic Check,153,3,No
1170,31,Female,19,42.49,807.31,Two year,Fiber optic,No,Credit Card,189,5,No
1171,39,Female,71,93.01,6603.71,Month-to-month,Fiber optic,Yes,Bank Transfer,195,5,No
1172,62,Male,34,74.94,2547.96,Month-to-month,DSL,Yes,Electronic Check,52,0,No
1173,34,Male,1,93.79,93.79,Month-to-month,DSL,Yes,Credit Card,177,2,Yes
1174,42,Female,3,88.92,266.76,Month-to-month,Fiber optic,No,Electronic Check,99,1,Yes
1175,34,Female,51,110.96,5658.96,Month-to-month,Fiber optic,No,Cash,70,0,No
1176,57,Male,24,80.45,1930.8,Month-to-month,DSL,Yes,Electronic Check,246,0,Yes
1177,24,Female,41,110.24,4519.84,Month-to-month,DSL,Yes,Electronic Check,128,0,Yes
1178,58,Male,12,75.4,904.8,Month-to-month,DSL,Yes,Credit Card,231,5,No
1179,28,Male,12,116.21,1394.52,One year,Fiber optic,No,Bank Transfer,224,0,No
1180,37,Female,25,66.06,1651.5,Two year,Fiber optic,Yes,Cash,102,3,No
1181,42,Male,23,88.39,2032.97,One year,Fiber optic,No,Electronic Check,233,2,Yes
1182,47,Female,59,69.15,4079.85,Two year,DSL,No,Bank Transfer,117,1,No
1183,40,Male,17,109.73,1865.41,Month-to-month,Fiber optic,Yes,Bank Transfer,81,0,No
1184,60,Male,33,58.83,1941.39,One year,Fiber optic,No,Credit Card,149,1,No
1185,56,Male,46,110.91,5101.86,Two year,Fiber optic,Yes,Bank Transfer,162,4,No
1186,23,Female,6,98.09,588.54,Two year,Fiber optic,No,Electronic Check,127,5,Yes
1187,28,Female,24,115.88,2781.12,Two year,DSL,Yes,Bank Transfer,117,2,Yes
1188,57,Male,52,59.55,3096.6,One year,DSL,Yes,Credit Card,74,1,No
1189,44,Male,65,111.23,7229.95,Month-to-month,Fiber optic,No,Cash,188,4,Yes
1190,51,Female,24,81,1944,Month-to-month,Fiber optic,Yes,Bank Transfer,235,1,No
1191,29,Male,27,41.7,1125.9,Month-to-month,Fiber optic,Yes,Bank Transfer,213,5,No
1192,34,Female,12,75.3,903.6,Month-to-month,DSL,Yes,Electronic Check,162,4,No
1193,23,Female,7,108.26,757.82,Month-to-month,Fiber optic,Yes,Electronic Check,210,5,Yes
1194,57,Male,40,88.41,3536.4,One year,Fiber optic,No,Credit Card,107,0,No
1195,63,Female,42,41.52,1743.84,Month-to-month,Fiber optic,No,Electronic Check,118,3,No
1196,47,Male,2,63.56,127.12,Month-to-month,Fiber optic,No,Bank Transfer,111,2,No
1197,62,Male,64,86.08,5509.12,One year,DSL,No,Credit Card,141,2,No
1198,54,Female,25,71.67,1791.75,Two year,DSL,Yes,Bank Transfer,60,5,No
1199,25,Female,5,81.55,407.75,Two year,Fiber optic,Yes,Cash,141,0,Yes
1200,45,Female,71,97.96,6955.16,Month-to-month,Fiber optic,Yes,Electronic Check,250,2,No
1201,49,Female,31,95.01,2945.31,Month-to-month,Fiber optic,No,Bank Transfer,81,1,No
1202,49,Male,6,116.33,697.98,Two year,Fiber optic,No,Credit Card,187,1,Yes
1203,60,Male,8,75.53,604.24,One year,Fiber optic,Yes,Electronic Check,107,1,Yes
1204,31,Female,43,50.53,2172.79,Month-to-month,Fiber optic,No,Cash,170,4,No
1205,40,Female,22,81.59,1794.98,Two year,DSL,No,Bank Transfer,214,0,No
1206,42,Male,16,74.04,1184.64,Two year,Fiber optic,No,Cash,133,1,No
1207,24,Female,11,97.76,1075.36,Month-to-month,Fiber optic,No,Bank Transfer,161,3,Yes
1208,54,Female,5,86.97,434.85,One year,Fiber optic,No,Bank Transfer,193,2,No
1209,32,Male,4,84.51,338.04,One year,Fiber optic,No,Electronic Check,230,0,Yes
1210,45,Female,7,99.77,698.39,One year,Fiber optic,Yes,Bank Transfer,142,4,Yes
1211,48,Female,62,80.44,4987.28,Month-to-month,DSL,Yes,Bank Transfer,156,5,No
1212,30,Female,14,95.93,1343.02,Month-to-month,Fiber optic,No,Electronic Check,141,0,No
1213,45,Female,63,97.34,6132.42,Two year,Fiber optic,No,Electronic Check,84,0,No
1214,52,Male,24,75.66,1815.84,Two year,Fiber optic,No,Cash,213,4,No
1215,61,Female,44,97.89,4307.16,One year,Fiber optic,No,Bank Transfer,82,1,No
1216,55,Male,26,108.71,2826.46,One year,DSL,No,Cash,47,2,No
1217,44,Female,47,88.02,4136.94,Month-to-month,Fiber optic,Yes,Electronic Check,141,5,No
1218,45,Female,23,40.67,935.41,Two year,DSL,Yes,Credit Card,250,4,No
1219,41,Male,50,56.3,2815,One year,DSL,No,Credit Card,246,3,No
1220,30,Male,15,82.69,1240.35,One year,DSL,No,Cash,123,4,No
1221,61,Male,67,117.86,7896.62,Month-to-month,DSL,Yes,Bank Transfer,77,0,No
1222,49,Female,67,50.39,3376.13,Two year,Fiber optic,Yes,Credit Card,131,1,Yes
1223,35,Male,31,95.44,2958.64,Two year,DSL,Yes,Cash,184,1,No
1224,34,Female,47,96.71,4545.37,Month-to-month,Fiber optic,No,Credit Card,175,3,No
1225,33,Male,31,56.49,1751.19,Two year,Fiber optic,Yes,Electronic Check,249,4,No
1226,33,Male,10,103.78,1037.8,One year,Fiber optic,Yes,Cash,223,4,No
1227,54,Female,62,93.36,5788.32,Two year,Fiber optic,No,Cash,151,2,Yes
1228,56,Male,27,55.65,1502.55,Month-to-month,DSL,No,Cash,240,4,Yes
1229,49,Male,13,44.34,576.42,Month-to-month,Fiber optic,No,Cash,73,1,No
1230,65,Male,48,112.46,5398.08,Two year,Fiber optic,Yes,Electronic Check,189,0,No
1231,43,Male,16,107.3,1716.8,One year,DSL,Yes,Electronic Check,73,1,No
1232,39,Male,4,77.79,311.16,Two year,Fiber optic,Yes,Cash,179,4,Yes
1233,53,Female,13,50.3,653.9,Two year,Fiber optic,Yes,Cash,162,5,No
1234,41,Female,57,49.34,2812.38,Month-to-month,DSL,No,Credit Card,90,0,No
1235,65,Male,12,40.29,483.48,Month-to-month,Fiber optic,No,Credit Card,186,3,No
1236,56,Male,39,71.36,2783.04,One year,Fiber optic,No,Bank Transfer,108,2,Yes
1237,51,Male,57,82.72,4715.04,Two year,Fiber optic,No,Electronic Check,189,4,No
1238,32,Female,42,80.8,3393.6,Two year,Fiber optic,No,Bank Transfer,118,0,No
1239,25,Male,19,79.48,1510.12,One year,Fiber optic,No,Electronic Check,75,0,No
1240,53,Female,18,119.9,2158.2,One year,Fiber optic,No,Bank Transfer,222,0,No
1241,55,Male,26,101.57,2640.82,One year,Fiber optic,Yes,Electronic Check,225,4,No
1242,65,Female,3,85.26,255.78,Two year,Fiber optic,Yes,Cash,175,2,Yes
1243,58,Male,6,55.04,330.24,Month-to-month,DSL,No,Bank Transfer,81,4,Yes
1244,30,Female,30,109.25,3277.5,Two year,Fiber optic,No,Bank Transfer,113,4,Yes
1245,36,Male,9,108.49,976.41,One year,Fiber optic,No,Cash,151,0,Yes
1246,32,Female,28,101.42,2839.76,One year,Fiber optic,No,Bank Transfer,85,1,Yes
1247,35,Female,8,69.24,553.92,Month-to-month,DSL,No,Bank Transfer,216,5,No
1248,54,Male,49,48.58,2380.42,One year,Fiber optic,No,Electronic Check,93,1,No
1249,65,Female,49,93.01,4557.49,One year,DSL,Yes,Bank Transfer,166,5,No
1250,27,Female,38,96.1,3651.8,Month-to-month,DSL,Yes,Cash,187,0,No
1251,32,Female,64,68.68,4395.52,One year,Fiber optic,Yes,Cash,76,3,No
1252,29,Male,8,63.4,507.2,Month-to-month,Fiber optic,No,Cash,107,4,No
1253,27,Female,42,102.61,4309.62,Two year,DSL,Yes,Electronic Check,156,2,No
1254,27,Female,37,51.12,1891.44,Month-to-month,Fiber optic,Yes,Cash,165,1,Yes
1255,53,Male,4,70.08,280.32,Month-to-month,DSL,No,Credit Card,115,4,Yes
1256,23,Male,45,101.55,4569.75,Two year,Fiber optic,No,Electronic Check,63,4,Yes
1257,51,Male,46,108.03,4969.38,Two year,Fiber optic,Yes,Electronic Check,194,1,No
1258,36,Female,28,64.86,1816.08,Two year,Fiber optic,Yes,Cash,104,5,No
1259,35,Male,19,117.78,2237.82,One year,Fiber optic,Yes,Bank Transfer,82,4,No
1260,60,Male,10,65.3,653,Month-to-month,DSL,No,Bank Transfer,142,0,No
1261,65,Female,40,101.75,4070,Two year,Fiber optic,No,Credit Card,57,0,No
1262,35,Female,16,81.89,1310.24,Month-to-month,DSL,No,Cash,178,0,No
1263,33,Female,2,59.47,118.94,One year,Fiber optic,No,Electronic Check,113,0,No
1264,22,Male,2,90.15,180.3,Month-to-month,Fiber optic,No,Electronic Check,69,1,No
1265,64,Male,15,55.45,831.75,Two year,DSL,No,Credit Card,183,1,No
1266,51,Male,23,107.01,2461.23,Month-to-month,DSL,Yes,Credit Card,75,2,No
1267,57,Female,11,81.4,895.4,Month-to-month,Fiber optic,No,Electronic Check,178,3,Yes
1268,46,Male,68,82.29,5595.72,Month-to-month,Fiber optic,No,Bank Transfer,198,1,No
1269,54,Female,4,81.37,325.48,One year,DSL,No,Cash,168,0,Yes
1270,65,Female,5,50.49,252.45,Two year,Fiber optic,Yes,Bank Transfer,89,2,No
1271,45,Female,39,112.77,4398.03,Month-to-month,DSL,Yes,Credit Card,93,3,Yes
1272,31,Female,7,92.63,648.41,Month-to-month,DSL,Yes,Credit Card,221,4,Yes
1273,48,Male,61,116.46,7104.06,Two year,Fiber optic,Yes,Cash,97,0,No
1274,29,Female,44,80.49,3541.56,One year,DSL,No,Electronic Check,143,2,No
1275,45,Male,30,70.18,2105.4,Month-to-month,Fiber optic,Yes,Credit Card,147,4,No
1276,52,Male,8,118.26,946.08,Two year,DSL,No,Electronic Check,171,0,Yes
1277,42,Female,5,62.14,310.7,Month-to-month,DSL,No,Electronic Check,223,3,No
1278,36,Female,63,99.99,6299.37,Month-to-month,Fiber optic,No,Credit Card,184,0,Yes
1279,41,Male,66,93.02,6139.32,Month-to-month,Fiber optic,No,Cash,203,3,No
1280,64,Male,61,93.17,5683.37,Two year,Fiber optic,Yes,Credit Card,55,0,No
1281,38,Female,5,61.5,307.5,Two year,Fiber optic,Yes,Cash,127,1,No
1282,35,Male,45,98.8,4446,Month-to-month,Fiber optic,Yes,Cash,79,1,No
1283,35,Male,11,71.6,787.6,One year,DSL,Yes,Cash,96,2,Yes
1284,64,Male,67,117.7,7885.9,Two year,Fiber optic,No,Cash,170,3,No
1285,38,Male,57,66.96,3816.72,One year,Fiber optic,Yes,Cash,81,4,No
1286,53,Female,65,98.29,6388.85,One year,Fiber optic,No,Electronic Check,221,3,No
1287,46,Male,71,70.13,4979.23,One year,DSL,Yes,Electronic Check,221,3,No
1288,31,Female,34,119.7,4069.8,One year,DSL,Yes,Cash,68,1,No
1289,30,Male,15,70.75,1061.25,One year,Fiber optic,Yes,Credit Card,109,0,No
1290,54,Female,61,111.13,6778.93,Two year,Fiber optic,Yes,Electronic Check,121,3,No
1291,62,Female,50,63.2,3160,Two year,Fiber optic,No,Cash,221,5,No
1292,48,Female,35,54.93,1922.55,One year,Fiber optic,Yes,Electronic Check,187,1,No
1293,30,Male,15,82.52,1237.8,One year,DSL,Yes,Electronic Check,83,5,No
1294,29,Male,52,74.06,3851.12,Two year,DSL,Yes,Electronic Check,103,1,No
1295,34,Female,51,75.49,3849.99,Two year,Fiber optic,No,Electronic Check,60,4,No
1296,60,Female,8,102.16,817.28,Month-to-month,DSL,Yes,Credit Card,46,1,No
1297,38,Female,25,97.62,2440.5,Two year,Fiber optic,No,Credit Card,221,3,No
1298,50,Male,31,45.69,1416.39,Two year,DSL,No,Credit Card,114,2,No
1299,63,Male,3,95.56,286.68,Two year,Fiber optic,No,Credit Card,189,5,Yes
1300,49,Male,13,73.88,960.44,Month-to-month,Fiber optic,No,Bank Transfer,143,5,No
1301,23,Female,19,114.27,2171.13,Two year,DSL,No,Electronic Check,189,4,No
1302,37,Female,5,102.33,511.65,Month-to-month,Fiber optic,Yes,Cash,140,4,Yes
1303,56,Female,17,80.27,1364.59,One year,Fiber optic,No,Credit Card,245,5,No
1304,39,Female,21,107.38,2254.98,One year,DSL,No,Credit Card,70,5,No
1305,27,Male,60,115.74,6944.4,Month-to-month,DSL,Yes,Credit Card,248,0,No
1306,23,Female,15,43.51,652.65,Month-to-month,DSL,No,Bank Transfer,80,4,No
1307,57,Male,63,110.03,6931.89,One year,Fiber optic,Yes,Electronic Check,175,0,No
1308,61,Female,7,116.5,815.5,Month-to-month,DSL,Yes,Electronic Check,180,2,No
1309,58,Male,33,76.69,2530.77,One year,DSL,Yes,Electronic Check,221,3,Yes
1310,27,Male,56,104.93,5876.08,One year,Fiber optic,Yes,Electronic Check,198,1,No
1311,56,Female,29,115.21,3341.09,One year,DSL,No,Electronic Check,149,4,Yes
1312,49,Female,15,60.03,900.45,Month-to-month,DSL,Yes,Bank Transfer,136,2,No
1313,37,Female,1,119.83,119.83,Month-to-month,Fiber optic,Yes,Bank Transfer,67,3,Yes
1314,46,Male,19,49.18,934.42,Month-to-month,DSL,No,Electronic Check,220,2,No
1315,43,Male,33,85.35,2816.55,One year,Fiber optic,Yes,Electronic Check,44,1,Yes
1316,65,Male,26,60.77,1580.02,One year,Fiber optic,No,Bank Transfer,67,0,No
1317,46,Female,44,85.85,3777.4,One year,Fiber optic,No,Electronic Check,237,2,No
1318,60,Female,10,114.33,1143.3,One year,Fiber optic,Yes,Credit Card,192,4,No
1319,24,Female,22,89.78,1975.16,One year,Fiber optic,No,Credit Card,57,3,No
1320,30,Female,27,107.38,2899.26,One year,DSL,No,Bank Transfer,222,5,No
1321,52,Male,28,92.49,2589.72,One year,Fiber optic,Yes,Electronic Check,250,5,No
1322,53,Female,39,78.08,3045.12,Month-to-month,Fiber optic,Yes,Electronic Check,168,4,No
1323,39,Female,64,63.92,4090.88,One year,DSL,No,Cash,212,3,No
1324,63,Female,64,97.67,6250.88,Month-to-month,DSL,Yes,Electronic Check,53,4,No
1325,40,Female,6,73.24,439.44,Month-to-month,DSL,No,Bank Transfer,199,2,Yes
1326,54,Male,56,115,6440,Month-to-month,Fiber optic,Yes,Cash,46,1,No
1327,38,Male,27,108.17,2920.59,Month-to-month,DSL,No,Cash,178,5,No
1328,63,Male,15,70.4,1056,Month-to-month,Fiber optic,No,Cash,193,1,No
1329,58,Female,66,93.94,6200.04,Two year,DSL,Yes,Cash,58,5,No
1330,47,Female,51,57.45,2929.95,Month-to-month,Fiber optic,Yes,Bank Transfer,198,2,No
1331,49,Male,56,64.44,3608.64,One year,DSL,No,Bank Transfer,72,0,No
1332,64,Female,52,84.07,4371.64,Month-to-month,Fiber optic,No,Credit Card,105,1,No
1333,59,Female,26,45.81,1191.06,Two year,DSL,Yes,Cash,214,0,No
1334,63,Male,1,82.22,82.22,Month-to-month,Fiber optic,No,Bank Transfer,80,1,No
1335,26,Female,58,83.2,4825.6,Month-to-month,Fiber optic,No,Bank Transfer,211,2,No
1336,60,Female,33,111.47,3678.51,One year,Fiber optic,Yes,Bank Transfer,177,5,No
1337,22,Female,14,57.49,804.86,Month-to-month,DSL,Yes,Bank Transfer,139,2,No
1338,37,Male,28,90.82,2542.96,Month-to-month,Fiber optic,No,Electronic Check,133,3,No
1339,43,Female,26,62.93,1636.18,One year,DSL,No,Bank Transfer,139,0,No
1340,25,Female,34,46.03,1565.02,One year,DSL,No,Electronic Check,41,5,No
1341,64,Female,64,102.75,6576,One year,Fiber optic,No,Bank Transfer,229,3,No
1342,46,Male,38,111.11,4222.18,Two year,Fiber optic,No,Cash,220,3,Yes
1343,28,Male,49,44.15,2163.35,Month-to-month,Fiber optic,No,Bank Transfer,215,1,No
1344,35,Female,13,95.41,1240.33,Month-to-month,Fiber optic,No,Bank Transfer,49,4,No
1345,33,Male,32,101.04,3233.28,Month-to-month,Fiber optic,No,Bank Transfer,53,2,Yes
1346,63,Female,19,50.19,953.61,One year,DSL,Yes,Bank Transfer,235,1,No
1347,59,Female,54,57.33,3095.82,Month-to-month,DSL,No,Bank Transfer,92,0,No
1348,64,Male,20,59.56,1191.2,Two year,Fiber optic,Yes,Electronic Check,60,2,No
1349,54,Female,36,54.34,1956.24,Two year,DSL,Yes,Credit Card,243,3,No
1350,48,Female,48,57.91,2779.68,One year,DSL,Yes,Credit Card,134,4,No
1351,50,Female,21,93.06,1954.26,One year,DSL,No,Bank Transfer,179,3,No
1352,55,Male,37,87.82,3249.34,One year,DSL,Yes,Bank Transfer,148,4,Yes
1353,34,Male,39,79.38,3095.82,Two year,DSL,No,Electronic Check,199,1,Yes
1354,48,Female,2,119.93,239.86,Month-to-month,DSL,Yes,Credit Card,229,3,Yes
1355,31,Female,3,81.15,243.45,Month-to-month,Fiber optic,No,Bank Transfer,172,0,No
1356,56,Male,6,117.21,703.26,Two year,Fiber optic,Yes,Bank Transfer,152,5,Yes
1357,32,Female,58,51.71,2999.18,Two year,DSL,Yes,Credit Card,218,3,No
1358,51,Male,47,56.84,2671.48,One year,DSL,Yes,Bank Transfer,90,4,No
1359,63,Female,44,91.4,4021.6,Two year,DSL,Yes,Electronic Check,71,4,No
1360,21,Male,5,89.85,449.25,One year,DSL,No,Bank Transfer,249,4,Yes
1361,23,Female,18,65.57,1180.26,One year,DSL,No,Cash,245,0,No
1362,46,Female,47,40.78,1916.66,One year,DSL,Yes,Cash,243,3,No
1363,40,Male,23,63.93,1470.39,Two year,Fiber optic,No,Bank Transfer,50,0,No
1364,22,Male,24,88.09,2114.16,One year,Fiber optic,Yes,Bank Transfer,43,1,No
1365,47,Female,45,61.6,2772,Month-to-month,Fiber optic,Yes,Electronic Check,217,3,No
1366,36,Female,30,81.44,2443.2,Month-to-month,DSL,Yes,Cash,221,1,No
1367,43,Male,10,116.36,1163.6,Month-to-month,Fiber optic,Yes,Electronic Check,89,1,No
1368,29,Female,15,50.18,752.7,One year,Fiber optic,Yes,Bank Transfer,219,0,Yes
1369,25,Female,59,115.37,6806.83,One year,DSL,No,Cash,233,2,No
1370,49,Female,45,63.39,2852.55,Month-to-month,Fiber optic,Yes,Credit Card,167,0,No
1371,21,Male,11,87.51,962.61,Month-to-month,Fiber optic,No,Bank Transfer,191,4,Yes
1372,38,Female,24,97.82,2347.68,One year,DSL,Yes,Bank Transfer,92,2,No
1373,56,Male,69,75.84,5232.96,One year,Fiber optic,Yes,Bank Transfer,198,0,No
1374,43,Male,24,94.99,2279.76,One year,Fiber optic,Yes,Credit Card,57,5,No
1375,61,Female,33,66.26,2186.58,One year,DSL,Yes,Cash,128,4,No
1376,52,Male,45,95.46,4295.7,Month-to-month,Fiber optic,No,Bank Transfer,89,2,No
1377,53,Male,6,52.98,317.88,Two year,DSL,No,Credit Card,86,5,No
1378,61,Female,72,76.18,5484.96,One year,DSL,Yes,Cash,246,2,No
1379,53,Female,38,99.53,3782.14,Month-to-month,DSL,No,Cash,56,4,No
1380,44,Male,69,81.65,5633.85,Month-to-month,DSL,No,Bank Transfer,101,5,Yes
1381,54,Male,68,91.97,6253.96,Month-to-month,DSL,Yes,Credit Card,207,1,No
1382,56,Female,12,103.89,1246.68,Month-to-month,Fiber optic,No,Bank Transfer,64,2,Yes
1383,47,Male,46,87.51,4025.46,Two year,Fiber optic,Yes,Electronic Check,119,2,Yes
1384,64,Female,50,64.54,3227,Two year,DSL,Yes,Credit Card,148,0,No
1385,34,Male,16,90.46,1447.36,Month-to-month,Fiber optic,Yes,Electronic Check,113,3,No
1386,50,Female,72,85.85,6181.2,One year,DSL,Yes,Credit Card,117,5,No
1387,60,Female,58,56.39,3270.62,Month-to-month,Fiber optic,No,Cash,96,1,No
1388,52,Female,2,63.41,126.82,Month-to-month,DSL,Yes,Cash,139,1,No
1389,47,Female,8,115.25,922,One year,Fiber optic,Yes,Credit Card,171,5,No
1390,31,Female,6,86.57,519.42,Two year,Fiber optic,No,Cash,74,0,Yes
1391,49,Female,56,119.26,6678.56,One year,Fiber optic,Yes,Electronic Check,92,5,No
1392,50,Female,61,105.3,6423.3,One year,Fiber optic,No,Credit Card,68,2,No
1393,49,Male,37,81.51,3015.87,Two year,Fiber optic,Yes,Bank Transfer,80,2,No
1394,36,Female,53,107.48,5696.44,Month-to-month,DSL,Yes,Credit Card,82,3,No
1395,59,Female,49,103.63,5077.87,Two year,Fiber optic,No,Credit Card,112,1,No
1396,28,Female,56,62.53,3501.68,Two year,DSL,Yes,Credit Card,237,1,No
1397,54,Male,63,105.16,6625.08,One year,Fiber optic,No,Credit Card,118,3,Yes
1398,23,Female,45,62.75,2823.75,Two year,Fiber optic,Yes,Electronic Check,170,2,No
1399,56,Male,12,111.71,1340.52,One year,Fiber optic,No,Cash,82,2,Yes
1400,22,Male,34,41.41,1407.94,One year,Fiber optic,Yes,Cash,67,0,No
1401,57,Male,3,103.34,310.02,One year,DSL,No,Cash,178,2,Yes
1402,33,Female,2,50.17,100.34,Two year,DSL,No,Cash,181,4,No
1403,39,Male,12,44.16,529.92,One year,DSL,Yes,Cash,132,0,No
1404,58,Male,43,103.99,4471.57,Two year,Fiber optic,Yes,Bank Transfer,124,0,Yes
1405,34,Female,38,84.56,3213.28,Two year,Fiber optic,No,Cash,133,4,No
1406,61,Male,68,119.89,8152.52,Month-to-month,DSL,No,Bank Transfer,206,5,No
1407,30,Male,27,108.68,2934.36,One year,DSL,Yes,Cash,169,4,Yes
1408,45,Female,51,88.85,4531.35,One year,Fiber optic,No,Bank Transfer,211,5,No
1409,33,Male,49,42.81,2097.69,One year,DSL,Yes,Cash,153,5,No
1410,64,Male,8,67.8,542.4,One year,Fiber optic,No,Bank Transfer,244,4,No
1411,61,Male,9,92.82,835.38,Month-to-month,DSL,Yes,Credit Card,249,0,Yes
1412,29,Female,71,60.12,4268.52,One year,Fiber optic,No,Bank Transfer,215,1,No
1413,47,Female,11,68.35,751.85,Two year,DSL,Yes,Credit Card,77,3,No
1414,59,Male,28,56.14,1571.92,One year,DSL,No,Electronic Check,208,2,No
1415,30,Male,58,44.19,2563.02,Two year,Fiber optic,Yes,Bank Transfer,104,0,No
1416,35,Female,33,102.77,3391.41,One year,DSL,Yes,Bank Transfer,113,0,No
1417,62,Male,31,52.6,1630.6,Two year,Fiber optic,Yes,Credit Card,248,1,No
1418,57,Male,47,92.14,4330.58,Month-to-month,Fiber optic,Yes,Cash,246,2,No
1419,55,Male,18,113.78,2048.04,One year,DSL,Yes,Cash,142,5,Yes
1420,27,Male,4,117.13,468.52,One year,Fiber optic,No,Electronic Check,86,1,Yes
1421,51,Male,71,108.74,7720.54,Month-to-month,Fiber optic,Yes,Electronic Check,165,1,No
1422,24,Male,32,106.41,3405.12,Two year,DSL,Yes,Cash,124,5,No
1423,47,Female,58,75.34,4369.72,One year,DSL,Yes,Electronic Check,73,4,No
1424,27,Male,54,107.07,5781.78,Two year,DSL,Yes,Cash,89,2,No
1425,40,Male,48,118.09,5668.32,Two year,DSL,No,Electronic Check,86,5,No
1426,65,Male,15,110.48,1657.2,Two year,Fiber optic,No,Cash,239,5,No
1427,28,Male,29,87.95,2550.55,Month-to-month,DSL,No,Bank Transfer,231,3,Yes
1428,46,Female,46,119.17,5481.82,Two year,Fiber optic,No,Electronic Check,230,2,Yes
1429,44,Female,2,114.6,229.2,One year,DSL,No,Electronic Check,53,3,Yes
1430,41,Male,55,99.06,5448.3,Month-to-month,DSL,No,Electronic Check,89,2,No
1431,33,Female,15,89.03,1335.45,Two year,DSL,Yes,Electronic Check,101,5,No
1432,38,Male,24,76.25,1830,One year,DSL,Yes,Cash,49,3,No
1433,53,Male,64,108.33,6933.12,One year,DSL,No,Cash,158,0,No
1434,62,Male,69,74.18,5118.42,One year,DSL,No,Electronic Check,123,4,No
1435,22,Male,18,83.51,1503.18,Month-to-month,Fiber optic,No,Bank Transfer,60,4,No
1436,52,Male,67,45.04,3017.68,One year,Fiber optic,No,Electronic Check,167,4,No
1437,25,Male,68,50.81,3455.08,Two year,Fiber optic,No,Bank Transfer,236,1,No
1438,65,Female,17,73.97,1257.49,Two year,Fiber optic,No,Electronic Check,134,2,Yes
1439,47,Female,52,78.07,4059.64,Month-to-month,DSL,No,Electronic Check,203,5,No
1440,37,Male,55,116.87,6427.85,One year,Fiber optic,No,Cash,73,3,No
1441,30,Male,61,116.37,7098.57,One year,DSL,No,Bank Transfer,242,3,No
1442,61,Male,53,64.35,3410.55,Two year,Fiber optic,No,Credit Card,107,3,No
1443,46,Female,59,105.42,6219.78,Two year,DSL,No,Bank Transfer,92,5,No
1444,45,Female,16,48.87,781.92,Month-to-month,Fiber optic,No,Bank Transfer,166,1,No
1445,24,Female,25,96.36,2409,One year,Fiber optic,Yes,Cash,60,1,No
1446,22,Female,41,72.38,2967.58,One year,Fiber optic,No,Electronic Check,250,5,No
1447,38,Female,16,93.99,1503.84,Month-to-month,DSL,No,Credit Card,106,2,Yes
1448,28,Female,52,111.98,5822.96,One year,DSL,No,Credit Card,66,3,No
1449,49,Female,41,111.23,4560.43,Two year,DSL,Yes,Electronic Check,78,1,No
1450,52,Male,22,112.38,2472.36,Two year,DSL,No,Electronic Check,211,5,No
1451,50,Male,60,77.58,4654.8,Month-to-month,Fiber optic,Yes,Electronic Check,66,5,No
1452,45,Female,70,97.19,6803.3,Month-to-month,DSL,Yes,Electronic Check,167,3,No
1453,50,Female,41,77.24,3166.84,Two year,DSL,Yes,Cash,63,5,Yes
1454,30,Male,49,47.7,2337.3,Month-to-month,DSL,Yes,Credit Card,60,5,No
1455,42,Female,16,94.16,1506.56,One year,Fiber optic,Yes,Cash,250,5,No
1456,49,Female,39,99.53,3881.67,One year,DSL,No,Cash,139,0,No
1457,42,Male,36,90.16,3245.76,Month-to-month,DSL,Yes,Credit Card,123,2,Yes
1458,23,Male,21,73.75,1548.75,One year,Fiber optic,Yes,Cash,54,0,No
1459,29,Female,31,117.32,3636.92,One year,DSL,No,Bank Transfer,185,4,No
1460,29,Male,71,51.31,3643.01,Two year,DSL,Yes,Bank Transfer,165,4,Yes
1461,50,Male,47,77.58,3646.26,One year,DSL,No,Electronic Check,198,0,No
1462,54,Male,42,48.7,2045.4,One year,Fiber optic,Yes,Cash,185,4,No
1463,44,Male,33,111.8,3689.4,Two year,Fiber optic,No,Cash,133,3,No
1464,64,Male,65,75.13,4883.45,Month-to-month,Fiber optic,No,Bank Transfer,66,0,No
1465,43,Male,10,97.23,972.3,Month-to-month,DSL,No,Credit Card,82,5,Yes
1466,38,Male,61,112.37,6854.57,Month-to-month,DSL,No,Cash,179,4,No
1467,50,Female,37,105.78,3913.86,Month-to-month,DSL,Yes,Bank Transfer,118,0,Yes
1468,37,Female,22,71.33,1569.26,Two year,DSL,No,Cash,214,0,No
1469,43,Male,46,58.46,2689.16,One year,DSL,No,Cash,78,2,No
1470,42,Male,33,106.74,3522.42,One year,DSL,Yes,Credit Card,205,0,No
1471,50,Male,37,57.8,2138.6,Two year,DSL,Yes,Bank Transfer,85,0,No
1472,48,Male,21,53.74,1128.54,One year,Fiber optic,No,Bank Transfer,179,4,No
1473,54,Female,7,59.46,416.22,Month-to-month,Fiber optic,Yes,Electronic Check,78,2,No
1474,61,Male,54,61.21,3305.34,One year,DSL,Yes,Electronic Check,80,0,Yes
1475,23,Female,4,60.91,243.64,One year,Fiber optic,No,Credit Card,91,1,Yes
1476,43,Male,12,102.88,1234.56,One year,Fiber optic,No,Electronic Check,197,4,Yes
1477,26,Female,32,58.67,1877.44,Two year,Fiber optic,Yes,Credit Card,190,4,No
1478,44,Female,32,84.5,2704,Month-to-month,DSL,No,Bank Transfer,158,1,No
1479,33,Male,11,74.71,821.81,One year,Fiber optic,No,Cash,70,0,Yes
1480,63,Female,47,76.34,3587.98,Month-to-month,Fiber optic,Yes,Electronic Check,123,5,No
1481,33,Female,6,114.07,684.42,Month-to-month,DSL,Yes,Electronic Check,160,5,Yes
1482,41,Female,6,44.4,266.4,One year,DSL,No,Electronic Check,197,1,No
1483,39,Female,16,117.8,1884.8,Month-to-month,DSL,No,Bank Transfer,147,1,No
1484,53,Female,69,47.11,3250.59,Month-to-month,Fiber optic,No,Cash,194,1,No
1485,63,Male,12,101.16,1213.92,Month-to-month,Fiber optic,No,Cash,237,5,No
1486,41,Female,33,84.59,2791.47,Month-to-month,Fiber optic,No,Bank Transfer,83,4,No
1487,37,Female,13,72.54,943.02,Month-to-month,Fiber optic,Yes,Credit Card,96,2,No
1488,45,Female,44,106.87,4702.28,Month-to-month,Fiber optic,Yes,Bank Transfer,214,3,No
1489,60,Female,6,59.7,358.2,Month-to-month,DSL,Yes,Cash,53,4,No
1490,42,Female,69,100.5,6934.5,Month-to-month,Fiber optic,No,Credit Card,97,3,No
1491,29,Female,46,90.1,4144.6,Two year,Fiber optic,No,Electronic Check,58,3,No
1492,50,Male,20,61.09,1221.8,Two year,Fiber optic,No,Bank Transfer,129,5,No
1493,50,Male,43,75.26,3236.18,Two year,DSL,Yes,Bank Transfer,109,2,No
1494,35,Male,24,117.01,2808.24,Two year,DSL,No,Electronic Check,128,5,No
1495,56,Male,53,64.18,3401.54,Month-to-month,DSL,No,Electronic Check,247,1,No
1496,48,Male,72,86.83,6251.76,One year,DSL,No,Cash,214,4,No
1497,39,Male,38,118.47,4501.86,One year,DSL,Yes,Cash,71,4,No
1498,43,Male,70,46.67,3266.9,One year,DSL,Yes,Credit Card,152,1,Yes
1499,26,Male,61,45.16,2754.76,One year,DSL,No,Cash,162,2,No
1500,21,Male,33,83.54,2756.82,Two year,Fiber optic,Yes,Bank Transfer,178,5,Yes
1501,56,Female,20,108.45,2169,Month-to-month,DSL,No,Cash,182,0,No
1502,59,Female,58,64.64,3749.12,One year,DSL,No,Electronic Check,240,0,No
1503,62,Female,14,64.17,898.38,Month-to-month,Fiber optic,Yes,Credit Card,102,0,No
1504,47,Male,68,75.75,5151,Month-to-month,Fiber optic,No,Electronic Check,78,4,No
1505,28,Female,27,61.43,1658.61,Two year,Fiber optic,Yes,Bank Transfer,120,3,No
1506,49,Female,35,106.79,3737.65,Two year,Fiber optic,Yes,Credit Card,95,4,No
1507,35,Female,32,88.77,2840.64,Two year,DSL,Yes,Credit Card,239,1,No
1508,62,Male,43,59.2,2545.6,Two year,DSL,Yes,Credit Card,116,5,No
1509,37,Female,43,109.32,4700.76,Month-to-month,DSL,No,Bank Transfer,85,3,No
1510,21,Male,24,41.34,992.16,One year,DSL,Yes,Cash,209,4,No
1511,33,Male,54,85.64,4624.56,Two year,DSL,Yes,Credit Card,114,1,Yes
1512,56,Male,51,88.83,4530.33,Month-to-month,DSL,No,Credit Card,154,1,No
1513,39,Male,35,67.98,2379.3,Two year,DSL,Yes,Electronic Check,101,5,No
1514,48,Female,36,97.3,3502.8,One year,DSL,No,Electronic Check,51,1,No
1515,35,Male,70,52.41,3668.7,One year,Fiber optic,No,Cash,64,1,Yes
1516,24,Female,51,56.69,2891.19,Two year,Fiber optic,No,Credit Card,136,5,No
1517,64,Female,38,80.65,3064.7,Month-to-month,Fiber optic,Yes,Bank Transfer,59,1,No
1518,26,Female,33,94.58,3121.14,Two year,Fiber optic,Yes,Cash,128,3,No
1519,50,Male,54,56.35,3042.9,Month-to-month,DSL,No,Electronic Check,196,4,No
1520,49,Female,55,93.91,5165.05,One year,DSL,No,Cash,230,2,No
1521,23,Male,27,103.94,2806.38,Month-to-month,Fiber optic,Yes,Cash,233,3,No
1522,37,Male,2,73.34,146.68,One year,DSL,No,Credit Card,213,5,No
1523,50,Female,28,49.01,1372.28,Month-to-month,Fiber optic,Yes,Cash,237,3,No
1524,55,Female,11,52.95,582.45,Month-to-month,Fiber optic,Yes,Cash,138,1,Yes
1525,33,Male,8,67.22,537.76,Two year,Fiber optic,No,Credit Card,79,1,No
1526,21,Male,40,73.51,2940.4,One year,Fiber optic,Yes,Electronic Check,75,1,Yes
1527,40,Female,66,58.7,3874.2,One year,DSL,Yes,Credit Card,92,4,No
1528,45,Male,42,117.64,4940.88,Two year,Fiber optic,Yes,Bank Transfer,166,1,No
1529,43,Female,40,54.46,2178.4,One year,Fiber optic,No,Bank Transfer,239,4,No
1530,29,Male,31,73.16,2267.96,One year,Fiber optic,No,Electronic Check,201,3,No
1531,22,Male,63,96.27,6065.01,One year,Fiber optic,Yes,Electronic Check,183,5,No
1532,45,Male,25,109.9,2747.5,Month-to-month,Fiber optic,No,Electronic Check,153,2,No
1533,26,Male,8,117.28,938.24,One year,Fiber optic,Yes,Credit Card,48,0,No
1534,51,Male,59,105.43,6220.37,One year,DSL,Yes,Bank Transfer,112,2,No
1535,35,Female,4,48.44,193.76,One year,Fiber optic,No,Credit Card,201,3,No
1536,29,Female,36,65.04,2341.44,Month-to-month,Fiber optic,Yes,Electronic Check,158,4,No
1537,54,Female,29,100.33,2909.57,Month-to-month,DSL,No,Electronic Check,104,0,No
1538,29,Female,65,64.43,4187.95,Month-to-month,DSL,No,Electronic Check,81,4,No
1539,35,Female,62,53.04,3288.48,Month-to-month,Fiber optic,Yes,Cash,81,4,No
1540,48,Male,63,91.15,5742.45,Two year,Fiber optic,Yes,Bank Transfer,51,4,No
1541,40,Female,53,104.57,5542.21,One year,Fiber optic,No,Electronic Check,185,0,No
1542,32,Female,55,57.81,3179.55,Two year,Fiber optic,Yes,Credit Card,197,2,No
1543,39,Female,66,101.87,6723.42,Two year,DSL,Yes,Bank Transfer,52,4,No
1544,58,Male,67,67.15,4499.05,Two year,DSL,Yes,Cash,201,4,Yes
1545,41,Male,26,88.46,2299.96,Month-to-month,DSL,Yes,Credit Card,59,3,No
1546,44,Male,56,55.01,3080.56,One year,DSL,Yes,Credit Card,140,0,No
1547,44,Male,48,84.21,4042.08,One year,DSL,No,Cash,201,0,No
1548,50,Female,31,119.65,3709.15,Two year,Fiber optic,Yes,Electronic Check,171,2,No
1549,35,Male,51,79.72,4065.72,Month-to-month,Fiber optic,No,Bank Transfer,216,1,No
1550,42,Female,25,51.28,1282,Month-to-month,Fiber optic,No,Electronic Check,226,0,No
1551,45,Male,17,97.21,1652.57,Month-to-month,Fiber optic,No,Electronic Check,50,0,No
1552,29,Male,18,59.19,1065.42,Month-to-month,Fiber optic,Yes,Cash,135,1,No
1553,40,Male,24,76.81,1843.44,Month-to-month,DSL,No,Electronic Check,171,1,No
1554,24,Female,10,88.22,882.2,Two year,Fiber optic,No,Cash,159,5,Yes
1555,58,Female,11,85.2,937.2,Month-to-month,DSL,Yes,Credit Card,92,1,Yes
1556,62,Male,51,100.27,5113.77,Two year,DSL,Yes,Cash,216,4,No
1557,62,Male,20,94.87,1897.4,One year,Fiber optic,No,Credit Card,194,3,No
1558,61,Female,63,101.68,6405.84,Month-to-month,Fiber optic,Yes,Electronic Check,62,2,No
1559,65,Male,67,119.71,8020.57,Two year,DSL,No,Credit Card,77,4,No
1560,65,Male,17,53.81,914.77,Month-to-month,DSL,No,Cash,52,5,No
1561,54,Male,69,46.2,3187.8,One year,Fiber optic,No,Credit Card,128,0,No
1562,32,Female,23,100.56,2312.88,Month-to-month,DSL,Yes,Cash,71,2,Yes
1563,54,Male,63,87.73,5526.99,Two year,Fiber optic,Yes,Electronic Check,62,4,No
1564,28,Female,42,83,3486,One year,Fiber optic,No,Cash,190,1,No
1565,40,Female,35,113.17,3960.95,Month-to-month,Fiber optic,Yes,Cash,189,5,Yes
1566,41,Female,34,116.43,3958.62,Month-to-month,DSL,No,Credit Card,142,5,No
1567,29,Male,33,43.37,1431.21,One year,DSL,No,Cash,66,1,No
1568,36,Male,63,65.92,4152.96,Two year,Fiber optic,Yes,Cash,90,3,No
1569,57,Male,34,89.33,3037.22,One year,DSL,Yes,Credit Card,152,0,No
1570,43,Male,66,105.51,6963.66,Two year,DSL,No,Bank Transfer,209,1,No
1571,45,Female,43,101.9,4381.7,One year,DSL,No,Credit Card,236,4,No
1572,59,Male,71,45.63,3239.73,Month-to-month,Fiber optic,Yes,Cash,169,4,No
1573,31,Female,15,95.78,1436.7,Two year,DSL,Yes,Cash,98,0,No
1574,26,Female,61,60.14,3668.54,Month-to-month,Fiber optic,No,Bank Transfer,150,1,No
1575,53,Female,58,45.43,2634.94,Two year,DSL,Yes,Cash,70,2,No
1576,45,Female,5,47.36,236.8,Two year,Fiber optic,No,Bank Transfer,142,0,No
1577,37,Male,51,94.03,4795.53,Two year,DSL,Yes,Credit Card,167,3,No
1578,34,Female,14,107.22,1501.08,Month-to-month,Fiber optic,No,Cash,46,2,No
1579,22,Male,6,78.91,473.46,Two year,DSL,No,Electronic Check,60,4,Yes
1580,23,Male,53,96.86,5133.58,One year,DSL,No,Electronic Check,48,4,No
1581,54,Male,42,63.51,2667.42,Two year,Fiber optic,No,Electronic Check,248,3,No
1582,22,Male,54,42.8,2311.2,One year,DSL,No,Bank Transfer,102,1,No
1583,26,Female,6,47.54,285.24,One year,Fiber optic,Yes,Cash,187,4,No
1584,45,Male,31,98.86,3064.66,One year,Fiber optic,Yes,Credit Card,192,4,Yes
1585,56,Male,41,72.81,2985.21,Month-to-month,Fiber optic,Yes,Credit Card,185,0,No
1586,40,Male,23,111.64,2567.72,Two year,Fiber optic,Yes,Electronic Check,58,5,No
1587,53,Male,42,59.58,2502.36,One year,DSL,Yes,Credit Card,158,2,No
1588,29,Female,32,64.36,2059.52,One year,DSL,Yes,Cash,247,5,Yes
1589,64,Female,64,92.31,5907.84,Month-to-month,Fiber optic,No,Credit Card,233,3,No
1590,36,Male,47,47.55,2234.85,Two year,DSL,No,Electronic Check,51,4,No
1591,43,Male,67,41,2747,Month-to-month,DSL,No,Credit Card,95,2,No
1592,25,Male,66,51.04,3368.64,Two year,Fiber optic,No,Bank Transfer,135,5,No
1593,30,Female,16,91.87,1469.92,Month-to-month,DSL,Yes,Electronic Check,248,0,Yes
1594,24,Male,28,40.51,1134.28,Two year,Fiber optic,Yes,Cash,116,1,No
1595,42,Male,48,89.45,4293.6,One year,DSL,No,Cash,224,1,Yes
1596,31,Male,3,80.08,240.24,Month-to-month,DSL,Yes,Bank Transfer,242,1,Yes
1597,55,Male,47,81.64,3837.08,One year,DSL,Yes,Bank Transfer,145,1,Yes
1598,64,Male,63,80.43,5067.09,One year,DSL,Yes,Cash,249,4,No
1599,36,Male,35,67.71,2369.85,One year,DSL,Yes,Credit Card,124,2,No
1600,56,Female,23,99.19,2281.37,Two year,DSL,Yes,Credit Card,121,3,No
1601,24,Female,27,71.94,1942.38,One year,DSL,No,Credit Card,213,5,No
1602,33,Female,23,90.84,2089.32,Month-to-month,DSL,No,Credit Card,246,1,No
1603,53,Female,43,61.92,2662.56,Two year,DSL,No,Credit Card,137,4,No
1604,46,Female,52,44.41,2309.32,Month-to-month,DSL,No,Cash,160,0,Yes
1605,56,Female,25,49.43,1235.75,One year,DSL,Yes,Electronic Check,190,2,No
1606,64,Male,71,109.84,7798.64,Two year,Fiber optic,No,Cash,155,3,No
1607,35,Female,13,54.14,703.82,Month-to-month,DSL,Yes,Cash,142,2,No
1608,33,Female,63,85.87,5409.81,Two year,Fiber optic,Yes,Credit Card,100,3,No
1609,45,Male,34,89.08,3028.72,One year,DSL,Yes,Bank Transfer,128,1,No
1610,32,Male,38,85.14,3235.32,One year,Fiber optic,Yes,Bank Transfer,188,1,No
1611,59,Female,42,83.85,3521.7,Month-to-month,Fiber optic,Yes,Bank Transfer,85,2,Yes
1612,63,Female,65,55.24,3590.6,Month-to-month,Fiber optic,No,Bank Transfer,40,5,No
1613,65,Female,65,64.26,4176.9,Month-to-month,Fiber optic,No,Bank Transfer,106,2,No
1614,59,Female,57,52.77,3007.89,One year,DSL,No,Credit Card,182,1,No
1615,37,Female,40,108.84,4353.6,Month-to-month,Fiber optic,Yes,Bank Transfer,178,5,No
1616,27,Male,56,57.34,3211.04,Month-to-month,DSL,No,Credit Card,229,3,No
1617,37,Male,8,117.29,938.32,Month-to-month,Fiber optic,Yes,Bank Transfer,211,1,No
1618,33,Male,25,112.06,2801.5,Two year,DSL,No,Cash,239,5,No
1619,24,Male,70,110.35,7724.5,Two year,DSL,No,Cash,85,0,No
1620,53,Female,50,64.39,3219.5,One year,Fiber optic,No,Cash,161,2,Yes
1621,62,Female,21,74.98,1574.58,One year,DSL,Yes,Cash,79,3,No
1622,33,Female,50,106.17,5308.5,Month-to-month,DSL,Yes,Bank Transfer,145,3,No
1623,58,Female,1,55.85,55.85,Month-to-month,Fiber optic,Yes,Bank Transfer,242,1,No
1624,65,Female,52,67.13,3490.76,One year,DSL,Yes,Bank Transfer,129,2,Yes
1625,65,Female,6,91.67,550.02,One year,Fiber optic,Yes,Bank Transfer,242,4,Yes
1626,57,Male,18,92.62,1667.16,One year,DSL,Yes,Cash,64,0,No
1627,48,Female,21,83.95,1762.95,Two year,DSL,No,Bank Transfer,245,5,No
1628,39,Male,41,49.19,2016.79,One year,DSL,No,Electronic Check,183,0,No
1629,27,Female,60,111.59,6695.4,Two year,Fiber optic,Yes,Electronic Check,157,0,Yes
1630,29,Male,37,82.52,3053.24,Two year,DSL,No,Cash,170,0,Yes
1631,48,Female,46,84.77,3899.42,One year,Fiber optic,No,Cash,159,1,No
1632,34,Female,69,55.39,3821.91,Two year,DSL,No,Cash,210,1,Yes
1633,34,Male,38,110.63,4203.94,Month-to-month,DSL,Yes,Bank Transfer,144,1,No
1634,34,Male,54,104.71,5654.34,Two year,DSL,No,Electronic Check,230,0,No
1635,35,Male,22,90.57,1992.54,Two year,DSL,No,Credit Card,172,0,Yes
1636,32,Female,3,104.18,312.54,Two year,DSL,No,Cash,97,5,Yes
1637,57,Female,64,106.8,6835.2,Month-to-month,Fiber optic,Yes,Electronic Check,202,4,No
1638,24,Male,37,44.4,1642.8,Two year,Fiber optic,No,Credit Card,54,4,No
1639,38,Female,44,116.37,5120.28,One year,Fiber optic,Yes,Bank Transfer,144,3,No
1640,51,Female,21,106.21,2230.41,Month-to-month,Fiber optic,Yes,Cash,137,1,No
1641,33,Female,18,43,774,One year,DSL,No,Bank Transfer,121,2,Yes
1642,22,Female,33,74.77,2467.41,Two year,DSL,Yes,Electronic Check,148,5,No
1643,30,Female,30,106.23,3186.9,Two year,Fiber optic,Yes,Bank Transfer,179,5,No
1644,32,Male,29,93.47,2710.63,Month-to-month,DSL,Yes,Credit Card,145,5,No
1645,42,Male,19,97.79,1858.01,Month-to-month,DSL,Yes,Credit Card,88,2,Yes
1646,25,Female,49,85.72,4200.28,One year,Fiber optic,Yes,Electronic Check,119,2,No
1647,58,Female,47,58.27,2738.69,Month-to-month,Fiber optic,No,Electronic Check,192,4,Yes
1648,58,Male,46,112.14,5158.44,One year,Fiber optic,No,Bank Transfer,118,4,No
1649,39,Male,50,81.33,4066.5,Two year,DSL,Yes,Bank Transfer,218,2,No
1650,48,Female,55,113.8,6259,One year,Fiber optic,No,Credit Card,156,4,No
1651,47,Male,1,86.17,86.17,Two year,DSL,Yes,Bank Transfer,132,3,Yes
1652,44,Male,38,52.02,1976.76,Two year,DSL,No,Electronic Check,180,1,No
1653,43,Female,5,44.45,222.25,One year,DSL,No,Credit Card,186,5,Yes
1654,30,Female,10,64.31,643.1,Month-to-month,DSL,Yes,Bank Transfer,181,4,No
1655,46,Male,17,86.55,1471.35,One year,DSL,No,Credit Card,228,5,No
1656,63,Female,64,76.16,4874.24,Month-to-month,Fiber optic,No,Credit Card,49,4,Yes
1657,23,Male,24,57.78,1386.72,Two year,Fiber optic,Yes,Credit Card,191,0,No
1658,51,Male,20,100.88,2017.6,Two year,DSL,No,Bank Transfer,246,1,No
1659,35,Male,44,87.34,3842.96,Two year,DSL,No,Bank Transfer,43,5,No
1660,55,Male,48,111.62,5357.76,Two year,DSL,No,Bank Transfer,132,4,No
1661,53,Female,47,95.29,4478.63,One year,Fiber optic,No,Credit Card,213,0,No
1662,27,Male,30,104.58,3137.4,Two year,Fiber optic,Yes,Cash,136,0,No
1663,63,Female,7,74.61,522.27,Two year,Fiber optic,Yes,Credit Card,124,1,No
1664,43,Female,50,77.35,3867.5,Two year,Fiber optic,Yes,Credit Card,168,5,No
1665,31,Male,26,93.34,2426.84,Two year,DSL,Yes,Bank Transfer,155,2,No
1666,24,Male,52,114.7,5964.4,One year,DSL,Yes,Bank Transfer,93,1,No
1667,22,Female,23,72.95,1677.85,One year,DSL,Yes,Cash,63,3,No
1668,65,Female,47,68.96,3241.12,Two year,DSL,Yes,Electronic Check,131,2,No
1669,22,Female,25,119.29,2982.25,Two year,Fiber optic,No,Credit Card,227,4,No
1670,23,Female,27,101.9,2751.3,Two year,DSL,Yes,Electronic Check,64,2,Yes
1671,57,Male,19,104.53,1986.07,One year,DSL,No,Cash,81,1,No
1672,57,Male,1,82.66,82.66,One year,DSL,No,Cash,170,5,Yes
1673,45,Female,44,70.3,3093.2,Month-to-month,DSL,No,Credit Card,226,3,No
1674,43,Male,51,97.49,4971.99,Month-to-month,Fiber optic,Yes,Cash,79,4,No
1675,29,Male,24,81.07,1945.68,Two year,Fiber optic,No,Cash,84,3,No
1676,58,Female,36,58.68,2112.48,Two year,DSL,No,Electronic Check,168,2,No
1677,30,Female,27,110.12,2973.24,Month-to-month,DSL,Yes,Credit Card,167,1,No
1678,52,Male,60,89.3,5358,One year,DSL,Yes,Electronic Check,156,0,No
1679,30,Male,65,112.4,7306,Two year,DSL,Yes,Bank Transfer,44,3,No
1680,61,Female,3,118.71,356.13,One year,Fiber optic,Yes,Electronic Check,122,4,Yes
1681,65,Female,44,90.49,3981.56,Month-to-month,DSL,Yes,Credit Card,164,5,No
1682,27,Male,25,71.19,1779.75,One year,Fiber optic,Yes,Cash,95,0,No
1683,56,Female,1,96,96,One year,Fiber optic,Yes,Electronic Check,73,1,No
1684,21,Female,21,75.72,1590.12,Two year,DSL,Yes,Bank Transfer,221,5,Yes
1685,63,Male,59,45.2,2666.8,Month-to-month,DSL,Yes,Credit Card,170,5,No
1686,58,Male,31,117.54,3643.74,One year,Fiber optic,No,Bank Transfer,224,5,No
1687,34,Male,32,46.72,1495.04,Month-to-month,Fiber optic,Yes,Credit Card,217,1,No
1688,29,Female,10,75.99,759.9,Month-to-month,DSL,Yes,Bank Transfer,148,0,No
1689,44,Male,68,82.67,5621.56,One year,DSL,No,Cash,89,4,No
1690,28,Female,46,96.87,4456.02,Month-to-month,Fiber optic,No,Cash,170,2,No
1691,53,Male,55,48.9,2689.5,One year,Fiber optic,No,Electronic Check,124,4,Yes
1692,26,Female,19,119.93,2278.67,Two year,Fiber optic,Yes,Electronic Check,230,3,No
1693,42,Male,40,53.83,2153.2,One year,DSL,No,Electronic Check,110,0,Yes
1694,41,Female,49,117.3,5747.7,Two year,DSL,No,Electronic Check,184,0,No
1695,41,Female,13,101.76,1322.88,Month-to-month,Fiber optic,No,Credit Card,82,0,No
1696,21,Male,55,94.78,5212.9,One year,DSL,Yes,Bank Transfer,239,0,No
1697,32,Female,46,74.87,3444.02,Month-to-month,DSL,Yes,Cash,233,4,No
1698,32,Female,23,59.12,1359.76,Two year,Fiber optic,Yes,Electronic Check,178,4,No
1699,60,Male,37,59.27,2192.99,One year,DSL,Yes,Bank Transfer,46,3,No
1700,24,Male,45,108.03,4861.35,One year,DSL,Yes,Electronic Check,228,1,No
1701,25,Female,34,69.72,2370.48,Two year,DSL,No,Credit Card,247,3,Yes
1702,61,Male,54,89.05,4808.7,Month-to-month,DSL,Yes,Bank Transfer,134,1,Yes
1703,49,Female,6,96.27,577.62,Month-to-month,DSL,Yes,Bank Transfer,135,4,Yes
1704,34,Female,18,85.41,1537.38,Month-to-month,Fiber optic,No,Credit Card,178,3,No
1705,25,Female,2,76.34,152.68,One year,Fiber optic,Yes,Credit Card,67,3,Yes
1706,63,Male,42,106.05,4454.1,Two year,DSL,No,Credit Card,169,3,No
1707,21,Male,18,63.71,1146.78,One year,Fiber optic,Yes,Bank Transfer,245,0,No
1708,52,Female,53,42.96,2276.88,Two year,DSL,No,Credit Card,45,1,Yes
1709,54,Male,50,62.27,3113.5,Month-to-month,Fiber optic,Yes,Cash,168,0,No
1710,29,Male,70,89.96,6297.2,One year,DSL,Yes,Cash,193,3,No
1711,30,Male,15,96.01,1440.15,Month-to-month,Fiber optic,Yes,Bank Transfer,126,3,No
1712,55,Female,21,96.83,2033.43,Two year,Fiber optic,No,Bank Transfer,209,2,No
1713,54,Female,4,54.11,216.44,Month-to-month,DSL,No,Credit Card,104,5,Yes
1714,35,Female,23,101.01,2323.23,Month-to-month,Fiber optic,Yes,Cash,189,3,No
1715,26,Female,68,88.12,5992.16,One year,Fiber optic,No,Cash,137,3,No
1716,27,Male,49,66.7,3268.3,Month-to-month,DSL,No,Cash,47,0,No
1717,45,Male,65,87.85,5710.25,Two year,DSL,No,Bank Transfer,155,2,Yes
1718,47,Male,10,80.54,805.4,One year,Fiber optic,No,Cash,205,3,Yes
1719,63,Male,4,85.61,342.44,Month-to-month,Fiber optic,Yes,Electronic Check,95,3,No
1720,29,Male,44,97.9,4307.6,Month-to-month,Fiber optic,Yes,Electronic Check,49,5,No
1721,55,Female,13,61.53,799.89,One year,Fiber optic,No,Electronic Check,104,1,No
1722,54,Male,28,108.48,3037.44,Two year,DSL,No,Credit Card,91,0,No
1723,64,Female,18,81.67,1470.06,Two year,DSL,Yes,Bank Transfer,146,3,No
1724,59,Male,22,43.2,950.4,One year,DSL,Yes,Electronic Check,103,5,No
1725,58,Female,6,112,672,Two year,DSL,No,Bank Transfer,200,1,No
1726,51,Female,37,61.58,2278.46,Month-to-month,DSL,Yes,Bank Transfer,156,1,No
1727,45,Male,22,41.64,916.08,Month-to-month,DSL,No,Cash,225,0,No
1728,52,Female,34,62.67,2130.78,Month-to-month,DSL,No,Cash,151,1,No
1729,36,Female,68,119.47,8123.96,Month-to-month,DSL,No,Electronic Check,75,1,Yes
1730,43,Male,45,52.75,2373.75,Month-to-month,DSL,No,Bank Transfer,248,5,No
1731,25,Female,6,115.31,691.86,Month-to-month,Fiber optic,Yes,Cash,159,2,Yes
1732,64,Male,38,66.59,2530.42,Two year,DSL,Yes,Bank Transfer,45,0,No
1733,36,Female,27,100.11,2702.97,One year,DSL,Yes,Cash,174,4,No
1734,21,Male,26,45.35,1179.1,Two year,Fiber optic,Yes,Electronic Check,128,3,No
1735,41,Male,7,106.22,743.54,One year,DSL,No,Cash,93,2,Yes
1736,42,Male,31,79.67,2469.77,One year,Fiber optic,No,Electronic Check,54,3,No
1737,46,Male,61,79.04,4821.44,Two year,Fiber optic,Yes,Credit Card,204,2,No
1738,62,Female,21,76.08,1597.68,Two year,Fiber optic,Yes,Bank Transfer,184,4,No
1739,51,Female,2,63.43,126.86,Two year,Fiber optic,Yes,Cash,51,4,No
1740,56,Male,5,116.74,583.7,One year,Fiber optic,No,Cash,199,4,Yes
1741,37,Female,34,88.24,3000.16,Two year,DSL,Yes,Cash,193,3,No
1742,25,Female,50,44.51,2225.5,Month-to-month,DSL,Yes,Cash,250,1,No
1743,24,Female,23,65.26,1500.98,Month-to-month,DSL,No,Credit Card,186,1,No
1744,37,Male,6,116.23,697.38,Two year,DSL,Yes,Bank Transfer,123,1,Yes
1745,32,Male,52,116.3,6047.6,Two year,Fiber optic,Yes,Bank Transfer,248,0,No
1746,51,Female,60,45.93,2755.8,Two year,DSL,No,Electronic Check,189,4,No
1747,58,Female,26,54.5,1417,Two year,Fiber optic,Yes,Credit Card,43,2,Yes
1748,34,Male,28,100.71,2819.88,One year,Fiber optic,No,Cash,225,0,No
1749,44,Male,10,77.25,772.5,Month-to-month,Fiber optic,No,Credit Card,103,4,Yes
1750,29,Female,7,71.57,500.99,Two year,Fiber optic,Yes,Credit Card,110,2,Yes
1751,30,Female,31,83.12,2576.72,Month-to-month,Fiber optic,No,Credit Card,43,2,No
1752,61,Female,56,63.86,3576.16,One year,Fiber optic,Yes,Bank Transfer,111,2,Yes
1753,36,Female,9,51.59,464.31,Two year,Fiber optic,No,Electronic Check,245,3,No
1754,30,Male,27,73.29,1978.83,Month-to-month,DSL,Yes,Credit Card,156,4,Yes
1755,57,Male,10,54.85,548.5,Month-to-month,Fiber optic,Yes,Cash,67,0,No
1756,51,Female,47,72.3,3398.1,Month-to-month,DSL,No,Electronic Check,88,4,Yes
1757,61,Male,69,47.97,3309.93,Two year,Fiber optic,Yes,Electronic Check,53,1,No
1758,33,Male,63,111.09,6998.67,One year,Fiber optic,No,Cash,96,1,No
1759,61,Female,11,41.25,453.75,Two year,DSL,No,Electronic Check,140,0,No
1760,53,Female,9,47.84,430.56,One year,Fiber optic,No,Bank Transfer,136,3,No
1761,23,Female,6,99.97,599.82,One year,Fiber optic,No,Cash,221,3,Yes
1762,32,Female,17,95.65,1626.05,Two year,Fiber optic,No,Credit Card,134,0,No
1763,42,Male,7,118.76,831.32,Two year,Fiber optic,No,Bank Transfer,148,2,No
1764,44,Female,4,53.34,213.36,Two year,Fiber optic,No,Bank Transfer,71,2,No
1765,62,Female,3,74.28,222.84,One year,DSL,Yes,Cash,68,5,No
1766,23,Male,1,82.61,82.61,Month-to-month,DSL,No,Electronic Check,92,1,Yes
1767,28,Female,4,95.53,382.12,Two year,DSL,Yes,Electronic Check,155,3,Yes
1768,42,Male,8,80.64,645.12,Month-to-month,DSL,No,Cash,113,5,Yes
1769,38,Male,13,84.12,1093.56,Month-to-month,DSL,No,Electronic Check,141,3,No
1770,35,Female,22,72.96,1605.12,Month-to-month,DSL,Yes,Electronic Check,220,5,No
1771,25,Female,10,95.28,952.8,Month-to-month,DSL,No,Cash,202,0,Yes
1772,28,Female,7,50.54,353.78,Month-to-month,DSL,No,Bank Transfer,203,4,No
1773,35,Female,33,81.89,2702.37,Two year,Fiber optic,Yes,Bank Transfer,48,1,No
1774,61,Female,69,52.32,3610.08,Two year,DSL,Yes,Electronic Check,163,4,Yes
1775,60,Male,24,119.62,2870.88,Two year,DSL,Yes,Cash,209,5,No
1776,36,Male,17,56.71,964.07,One year,Fiber optic,No,Bank Transfer,69,0,No
1777,26,Female,5,62.9,314.5,Two year,Fiber optic,No,Bank Transfer,94,2,Yes
1778,33,Female,21,67.18,1410.78,One year,DSL,Yes,Bank Transfer,84,3,No
1779,62,Female,59,56.78,3350.02,One year,Fiber optic,No,Cash,193,4,Yes
1780,21,Male,33,99.99,3299.67,One year,Fiber optic,No,Cash,87,2,No
1781,61,Female,26,101.48,2638.48,Month-to-month,Fiber optic,Yes,Cash,41,3,Yes
1782,33,Female,70,89.11,6237.7,Month-to-month,DSL,Yes,Bank Transfer,235,4,No
1783,65,Female,43,102.77,4419.11,Month-to-month,Fiber optic,No,Credit Card,201,3,No
1784,22,Male,55,41.26,2269.3,Month-to-month,Fiber optic,No,Bank Transfer,239,0,No
1785,34,Female,25,100.78,2519.5,One year,DSL,Yes,Bank Transfer,64,1,No
1786,59,Female,36,119.78,4312.08,One year,Fiber optic,No,Electronic Check,209,1,No
1787,25,Male,59,104.74,6179.66,Two year,Fiber optic,Yes,Electronic Check,186,5,No
1788,40,Female,48,96.08,4611.84,One year,Fiber optic,No,Credit Card,136,1,No
1789,49,Male,26,57.32,1490.32,Month-to-month,Fiber optic,Yes,Cash,58,2,No
1790,56,Female,17,65.8,1118.6,Two year,DSL,No,Bank Transfer,103,3,No
1791,57,Male,48,89.21,4282.08,One year,Fiber optic,No,Credit Card,78,3,No
1792,52,Female,3,42.6,127.8,Two year,DSL,Yes,Cash,224,2,No
1793,48,Male,58,70.74,4102.92,Two year,DSL,Yes,Credit Card,227,3,Yes
1794,44,Female,29,54.39,1577.31,Two year,Fiber optic,Yes,Bank Transfer,244,1,No
1795,37,Male,71,59.79,4245.09,Month-to-month,DSL,No,Cash,235,0,No
1796,41,Male,29,115.4,3346.6,One year,DSL,No,Bank Transfer,130,5,No
1797,58,Female,26,104.92,2727.92,Two year,DSL,Yes,Credit Card,104,4,No
1798,40,Female,14,97.53,1365.42,Two year,DSL,Yes,Cash,239,0,No
1799,42,Male,60,76.15,4569,One year,Fiber optic,No,Credit Card,187,3,No
1800,63,Female,51,48,2448,One year,Fiber optic,No,Cash,92,5,No
1801,34,Male,19,104.54,1986.26,Two year,DSL,No,Electronic Check,104,2,Yes
1802,26,Male,27,102.17,2758.59,Two year,Fiber optic,Yes,Credit Card,185,2,No
1803,54,Female,54,65.75,3550.5,Month-to-month,Fiber optic,Yes,Electronic Check,93,4,No
1804,42,Female,17,112.49,1912.33,Month-to-month,DSL,Yes,Cash,133,0,Yes
1805,53,Female,60,86.25,5175,Two year,Fiber optic,No,Electronic Check,104,3,No
1806,26,Female,3,115.24,345.72,Month-to-month,DSL,No,Electronic Check,95,1,No
1807,48,Male,30,109.64,3289.2,Month-to-month,Fiber optic,No,Electronic Check,160,3,No
1808,52,Female,60,101.94,6116.4,One year,Fiber optic,Yes,Electronic Check,202,3,Yes
1809,31,Female,23,92.54,2128.42,Two year,DSL,Yes,Credit Card,135,5,No
1810,23,Male,58,45.21,2622.18,Two year,Fiber optic,Yes,Credit Card,125,1,No
1811,36,Female,45,58.75,2643.75,Two year,DSL,Yes,Electronic Check,235,5,No
1812,38,Female,64,49.31,3155.84,Month-to-month,DSL,No,Cash,134,4,No
1813,59,Male,34,56.05,1905.7,Two year,Fiber optic,Yes,Cash,112,3,No
1814,44,Female,26,66.4,1726.4,Month-to-month,Fiber optic,No,Electronic Check,179,5,No
1815,29,Male,29,99.52,2886.08,Month-to-month,DSL,Yes,Bank Transfer,183,4,No
1816,24,Female,49,100.61,4929.89,One year,DSL,Yes,Cash,77,3,Yes
1817,26,Male,18,46.83,842.94,Two year,Fiber optic,Yes,Cash,61,4,No
1818,62,Female,2,113.04,226.08,Two year,Fiber optic,Yes,Bank Transfer,44,4,Yes
1819,22,Male,72,106.49,7667.28,One year,DSL,No,Bank Transfer,249,0,Yes
1820,22,Male,25,55.04,1376,Two year,Fiber optic,Yes,Electronic Check,68,4,No
1821,31,Male,28,40.01,1120.28,One year,DSL,Yes,Credit Card,170,3,No
1822,52,Female,5,115.91,579.55,One year,Fiber optic,No,Cash,146,1,Yes
1823,44,Female,60,78.36,4701.6,Month-to-month,DSL,No,Cash,51,5,Yes
1824,32,Female,34,94.45,3211.3,Month-to-month,DSL,Yes,Electronic Check,248,3,No
1825,63,Female,39,84.17,3282.63,Month-to-month,DSL,No,Electronic Check,110,4,No
1826,41,Male,49,60.91,2984.59,Two year,Fiber optic,Yes,Electronic Check,180,5,No
1827,57,Female,21,83.28,1748.88,One year,Fiber optic,No,Credit Card,249,4,No
1828,54,Male,28,57.76,1617.28,One year,Fiber optic,Yes,Bank Transfer,202,1,No
1829,58,Female,27,56.51,1525.77,Month-to-month,Fiber optic,No,Electronic Check,214,0,Yes
1830,41,Female,23,50.09,1152.07,Month-to-month,DSL,Yes,Credit Card,44,4,No
1831,50,Male,23,110.23,2535.29,Two year,DSL,No,Electronic Check,88,2,No
1832,62,Female,57,112.13,6391.41,Two year,Fiber optic,No,Electronic Check,66,2,No
1833,42,Female,9,76.53,688.77,One year,Fiber optic,No,Credit Card,117,1,Yes
1834,37,Female,3,51.75,155.25,Month-to-month,DSL,No,Bank Transfer,222,2,No
1835,43,Female,68,50.27,3418.36,One year,DSL,Yes,Credit Card,94,5,No
1836,45,Female,11,42.33,465.63,Month-to-month,DSL,Yes,Bank Transfer,93,3,No
1837,35,Male,68,54.49,3705.32,One year,DSL,Yes,Credit Card,84,0,No
1838,35,Male,41,65.24,2674.84,One year,Fiber optic,Yes,Credit Card,109,4,No
1839,43,Male,27,83.21,2246.67,One year,Fiber optic,Yes,Electronic Check,166,0,No
1840,59,Female,30,58.59,1757.7,Month-to-month,Fiber optic,No,Credit Card,89,0,Yes
1841,32,Male,1,65.65,65.65,Two year,DSL,Yes,Bank Transfer,97,1,No
1842,63,Male,29,82.73,2399.17,Two year,Fiber optic,No,Bank Transfer,224,4,No
1843,30,Male,49,86.92,4259.08,Two year,DSL,No,Cash,168,1,No
1844,63,Male,15,85.51,1282.65,Two year,DSL,No,Bank Transfer,160,0,Yes
1845,41,Female,8,79.72,637.76,One year,DSL,Yes,Bank Transfer,89,4,Yes
1846,57,Male,32,61.4,1964.8,Month-to-month,Fiber optic,No,Credit Card,238,3,No
1847,29,Male,56,56.97,3190.32,One year,DSL,Yes,Bank Transfer,223,1,No
1848,64,Male,61,85.86,5237.46,One year,Fiber optic,No,Credit Card,246,3,No
1849,25,Female,70,98.96,6927.2,Month-to-month,DSL,No,Credit Card,131,5,No
1850,35,Female,22,88.84,1954.48,One year,DSL,Yes,Bank Transfer,201,2,No
1851,51,Female,51,50.88,2594.88,Two year,DSL,No,Bank Transfer,82,3,No
1852,62,Male,57,55.56,3166.92,Month-to-month,Fiber optic,Yes,Cash,53,0,No
1853,24,Male,20,111.65,2233,Two year,Fiber optic,Yes,Electronic Check,151,5,Yes
1854,58,Male,50,62.73,3136.5,Month-to-month,Fiber optic,No,Cash,167,2,No
1855,26,Male,42,105.73,4440.66,Month-to-month,DSL,Yes,Bank Transfer,250,3,No
1856,42,Male,55,98.87,5437.85,Two year,Fiber optic,No,Bank Transfer,136,1,No
1857,48,Male,29,99.09,2873.61,Two year,Fiber optic,No,Electronic Check,242,5,No
1858,61,Male,30,44.38,1331.4,Two year,DSL,No,Bank Transfer,180,4,No
1859,33,Male,5,45.26,226.3,Two year,DSL,Yes,Bank Transfer,155,1,No
1860,24,Male,6,92.22,553.32,One year,DSL,No,Bank Transfer,205,1,No
1861,44,Male,8,81.95,655.6,One year,DSL,Yes,Cash,186,3,Yes
1862,34,Female,61,62.46,3810.06,Two year,Fiber optic,Yes,Credit Card,242,4,No
1863,54,Male,70,72.04,5042.8,Month-to-month,DSL,No,Electronic Check,51,2,No
1864,33,Male,50,90.88,4544,One year,DSL,Yes,Credit Card,79,1,No
1865,50,Male,23,112.56,2588.88,Two year,DSL,No,Bank Transfer,195,0,Yes
1866,44,Male,33,48.86,1612.38,Month-to-month,DSL,Yes,Electronic Check,76,4,Yes
1867,21,Male,23,114.61,2636.03,Month-to-month,DSL,Yes,Credit Card,241,0,Yes
1868,42,Female,62,106.55,6606.1,Two year,Fiber optic,Yes,Bank Transfer,97,2,No
1869,56,Female,53,78.37,4153.61,One year,DSL,No,Bank Transfer,85,1,No
1870,25,Male,41,106.25,4356.25,Month-to-month,Fiber optic,Yes,Electronic Check,199,5,No
1871,36,Male,17,56.09,953.53,Two year,Fiber optic,Yes,Cash,153,5,No
1872,31,Female,51,68.92,3514.92,Month-to-month,Fiber optic,Yes,Electronic Check,197,5,No
1873,65,Male,22,98.81,2173.82,Two year,Fiber optic,Yes,Bank Transfer,201,3,Yes
1874,34,Female,33,94.36,3113.88,One year,DSL,No,Electronic Check,41,5,No
1875,21,Female,68,87.9,5977.2,Two year,Fiber optic,Yes,Bank Transfer,214,4,No
1876,28,Male,11,85.95,945.45,Month-to-month,DSL,No,Credit Card,96,2,Yes
1877,47,Female,54,102.45,5532.3,Two year,DSL,No,Cash,221,4,No
1878,45,Male,10,68.6,686,One year,Fiber optic,No,Credit Card,148,2,No
1879,64,Female,62,74.62,4626.44,Two year,DSL,No,Bank Transfer,172,2,Yes
1880,23,Male,22,82.05,1805.1,Month-to-month,Fiber optic,No,Cash,147,1,Yes
1881,59,Female,43,98.06,4216.58,Month-to-month,DSL,Yes,Credit Card,212,5,No
1882,49,Female,29,89.87,2606.23,Month-to-month,DSL,No,Electronic Check,202,4,No
1883,25,Female,52,109.45,5691.4,Month-to-month,Fiber optic,Yes,Electronic Check,245,3,No
1884,22,Male,70,84.34,5903.8,Two year,DSL,No,Electronic Check,125,0,No
1885,27,Female,46,73.61,3386.06,One year,DSL,No,Credit Card,69,1,No
1886,45,Female,31,118.74,3680.94,One year,Fiber optic,No,Cash,152,3,No
1887,48,Female,11,103.24,1135.64,Month-to-month,DSL,Yes,Credit Card,213,5,No
1888,54,Male,51,100.98,5149.98,Month-to-month,Fiber optic,Yes,Bank Transfer,242,3,No
1889,57,Female,24,81.63,1959.12,Month-to-month,DSL,No,Electronic Check,68,1,Yes
1890,35,Female,2,118.49,236.98,Month-to-month,Fiber optic,No,Cash,51,2,Yes
1891,41,Male,10,78.53,785.3,One year,Fiber optic,No,Electronic Check,44,2,Yes
1892,33,Female,20,45.78,915.6,One year,Fiber optic,No,Electronic Check,215,5,Yes
1893,54,Male,35,49.87,1745.45,One year,DSL,Yes,Electronic Check,101,2,No
1894,26,Female,21,75.27,1580.67,Month-to-month,Fiber optic,Yes,Electronic Check,106,0,No
1895,42,Female,24,100.09,2402.16,One year,DSL,No,Electronic Check,217,3,No
1896,39,Male,33,98.45,3248.85,Month-to-month,DSL,No,Cash,49,0,No
1897,56,Male,15,69.97,1049.55,Two year,DSL,Yes,Bank Transfer,202,4,No
1898,61,Female,72,98.16,7067.52,One year,Fiber optic,Yes,Electronic Check,105,3,No
1899,62,Male,49,87.62,4293.38,Two year,Fiber optic,Yes,Bank Transfer,105,0,No
1900,45,Female,28,67.13,1879.64,One year,DSL,Yes,Bank Transfer,172,3,No
1901,37,Female,3,100.52,301.56,Month-to-month,Fiber optic,Yes,Bank Transfer,246,3,Yes
1902,51,Male,30,78.2,2346,One year,Fiber optic,Yes,Electronic Check,67,2,No
1903,25,Male,28,44.04,1233.12,Two year,Fiber optic,Yes,Cash,136,2,Yes
1904,21,Female,59,51.7,3050.3,Two year,Fiber optic,No,Cash,224,0,No
1905,23,Female,72,83.92,6042.24,One year,Fiber optic,Yes,Electronic Check,71,0,No
1906,43,Female,32,56.37,1803.84,One year,Fiber optic,Yes,Bank Transfer,51,1,Yes
1907,35,Female,50,99.35,4967.5,Two year,Fiber optic,Yes,Credit Card,71,0,No
1908,58,Male,9,52.09,468.81,Month-to-month,Fiber optic,No,Bank Transfer,180,4,No
1909,36,Female,26,119.45,3105.7,One year,DSL,Yes,Electronic Check,92,2,No
1910,65,Female,32,108.98,3487.36,Two year,Fiber optic,Yes,Electronic Check,177,1,No
1911,47,Male,21,86.5,1816.5,One year,DSL,No,Cash,57,5,Yes
1912,48,Male,16,80.96,1295.36,Month-to-month,Fiber optic,No,Electronic Check,128,5,No
1913,64,Female,30,84.56,2536.8,Month-to-month,Fiber optic,Yes,Electronic Check,142,4,No
1914,57,Male,60,104.65,6279,Month-to-month,DSL,Yes,Bank Transfer,119,5,No
1915,25,Female,9,99.87,898.83,Month-to-month,DSL,Yes,Cash,156,0,Yes
1916,54,Male,20,56.87,1137.4,One year,DSL,Yes,Bank Transfer,169,5,No
1917,30,Male,27,104.59,2823.93,Two year,Fiber optic,Yes,Electronic Check,156,1,No
1918,33,Female,12,71.11,853.32,Two year,DSL,No,Electronic Check,161,3,Yes
1919,37,Female,14,76.89,1076.46,Two year,DSL,No,Credit Card,224,2,No
1920,35,Male,53,100.92,5348.76,Month-to-month,DSL,No,Cash,129,0,No
1921,21,Male,62,65.53,4062.86,Two year,DSL,Yes,Credit Card,48,3,No
1922,40,Male,7,107.8,754.6,One year,DSL,No,Cash,123,0,Yes
1923,62,Male,59,42.9,2531.1,One year,DSL,No,Credit Card,209,2,No
1924,45,Female,56,109.18,6114.08,Month-to-month,Fiber optic,No,Cash,228,4,Yes
1925,51,Male,53,113.64,6022.92,Month-to-month,DSL,Yes,Cash,134,1,No
1926,35,Male,63,117.21,7384.23,One year,Fiber optic,No,Electronic Check,221,1,No
1927,34,Male,64,112.8,7219.2,Month-to-month,DSL,Yes,Credit Card,247,0,No
1928,48,Female,66,48.49,3200.34,Month-to-month,Fiber optic,Yes,Cash,135,3,No
1929,49,Female,71,112.53,7989.63,Month-to-month,Fiber optic,Yes,Credit Card,143,5,No
1930,24,Female,58,73.84,4282.72,One year,Fiber optic,No,Cash,218,1,Yes
1931,57,Male,12,50.18,602.16,One year,DSL,Yes,Bank Transfer,127,4,No
1932,40,Male,28,110.59,3096.52,Two year,DSL,Yes,Credit Card,109,3,No
1933,61,Male,54,90.52,4888.08,Month-to-month,Fiber optic,No,Bank Transfer,43,0,No
1934,64,Male,6,102.05,612.3,Month-to-month,Fiber optic,No,Electronic Check,56,4,No
1935,35,Male,39,92.69,3614.91,Month-to-month,Fiber optic,Yes,Bank Transfer,76,1,No
1936,50,Male,62,113.05,7009.1,Two year,Fiber optic,No,Credit Card,134,5,No
1937,36,Female,41,101.15,4147.15,Two year,DSL,Yes,Bank Transfer,53,3,Yes
1938,26,Male,48,95.75,4596,One year,Fiber optic,No,Cash,207,1,No
1939,52,Male,43,82.99,3568.57,One year,Fiber optic,No,Credit Card,41,1,No
1940,44,Female,11,42.63,468.93,One year,DSL,No,Cash,132,5,No
1941,49,Male,31,41.77,1294.87,One year,DSL,Yes,Credit Card,52,3,No
1942,62,Male,67,43.22,2895.74,Two year,DSL,Yes,Cash,59,1,No
1943,49,Male,34,110.77,3766.18,Two year,DSL,Yes,Electronic Check,107,4,No
1944,29,Female,66,114.91,7584.06,Month-to-month,Fiber optic,Yes,Bank Transfer,100,1,No
1945,43,Female,30,87.99,2639.7,Month-to-month,Fiber optic,Yes,Electronic Check,76,3,No
1946,43,Male,35,113.27,3964.45,One year,Fiber optic,No,Electronic Check,48,5,No
1947,61,Male,47,64.05,3010.35,Two year,DSL,Yes,Electronic Check,93,0,No
1948,44,Male,63,86.24,5433.12,Month-to-month,DSL,No,Cash,71,1,Yes
1949,36,Male,24,103.6,2486.4,Two year,DSL,No,Credit Card,135,0,No
1950,32,Female,11,77.77,855.47,Month-to-month,Fiber optic,No,Credit Card,192,1,Yes
1951,31,Male,66,51.14,3375.24,Two year,Fiber optic,No,Electronic Check,198,0,No
1952,27,Male,50,44.16,2208,One year,Fiber optic,No,Bank Transfer,215,0,Yes
1953,58,Male,51,51.55,2629.05,Two year,Fiber optic,No,Electronic Check,94,0,No
1954,42,Male,57,55.33,3153.81,One year,DSL,No,Credit Card,134,4,No
1955,39,Female,55,62.62,3444.1,Month-to-month,Fiber optic,Yes,Credit Card,226,1,No
1956,27,Male,13,98.23,1276.99,One year,Fiber optic,No,Credit Card,211,2,No
1957,62,Male,15,45.6,684,Two year,Fiber optic,No,Credit Card,72,3,No
1958,32,Female,15,61.88,928.2,Month-to-month,DSL,Yes,Cash,149,2,No
1959,42,Female,56,52.53,2941.68,Two year,DSL,Yes,Credit Card,51,3,No
1960,25,Female,67,119.72,8021.24,One year,DSL,No,Bank Transfer,83,0,No
1961,40,Male,70,60.57,4239.9,Two year,DSL,No,Credit Card,193,4,Yes
1962,58,Male,1,106.96,106.96,Two year,DSL,No,Cash,237,3,Yes
1963,21,Male,53,80.41,4261.73,One year,Fiber optic,No,Bank Transfer,222,1,Yes
1964,21,Male,58,41.1,2383.8,Month-to-month,DSL,Yes,Credit Card,193,2,No
1965,34,Female,9,64.41,579.69,Month-to-month,DSL,Yes,Cash,42,1,No
1966,62,Male,20,83.45,1669,One year,Fiber optic,Yes,Bank Transfer,118,5,No
1967,46,Female,21,50.54,1061.34,Two year,Fiber optic,No,Electronic Check,204,3,No
1968,40,Female,3,40.32,120.96,Month-to-month,Fiber optic,No,Cash,161,3,No
1969,53,Male,7,82.9,580.3,One year,DSL,Yes,Credit Card,159,4,Yes
1970,47,Female,56,84.12,4710.72,Two year,DSL,No,Cash,125,3,No
1971,62,Male,51,41.01,2091.51,Two year,Fiber optic,No,Credit Card,221,3,No
1972,26,Female,53,92.26,4889.78,Two year,DSL,Yes,Electronic Check,59,0,No
1973,24,Female,71,81.76,5804.96,One year,DSL,No,Credit Card,70,5,Yes
1974,21,Male,24,61.29,1470.96,Two year,DSL,No,Bank Transfer,184,1,No
1975,22,Female,33,87.61,2891.13,One year,DSL,Yes,Cash,85,0,No
1976,33,Male,29,80.25,2327.25,Month-to-month,Fiber optic,Yes,Cash,99,4,No
1977,53,Female,59,46.45,2740.55,One year,DSL,Yes,Cash,66,0,No
1978,64,Female,6,102.11,612.66,Month-to-month,Fiber optic,No,Bank Transfer,82,0,Yes
1979,26,Female,44,55.86,2457.84,Month-to-month,DSL,Yes,Cash,233,3,No
1980,31,Female,62,118.48,7345.76,Month-to-month,Fiber optic,No,Cash,123,2,Yes
1981,23,Male,47,80.64,3790.08,Month-to-month,DSL,Yes,Bank Transfer,117,5,No
1982,64,Male,45,115.5,5197.5,Two year,Fiber optic,Yes,Electronic Check,232,4,No
1983,30,Female,10,46.67,466.7,One year,Fiber optic,No,Credit Card,244,3,No
1984,61,Female,54,114.92,6205.68,Month-to-month,Fiber optic,Yes,Cash,226,0,No
1985,46,Female,64,74.92,4794.88,Two year,Fiber optic,Yes,Bank Transfer,247,0,No
1986,36,Male,63,65.04,4097.52,Month-to-month,DSL,Yes,Credit Card,108,3,Yes
1987,27,Male,34,66.58,2263.72,Two year,DSL,No,Credit Card,179,4,No
1988,65,Male,35,70.22,2457.7,One year,DSL,No,Bank Transfer,53,1,No
1989,62,Male,2,97.11,194.22,Month-to-month,DSL,Yes,Electronic Check,156,1,Yes
1990,51,Male,23,73.94,1700.62,One year,DSL,No,Bank Transfer,186,3,No
1991,21,Male,39,110.05,4291.95,One year,DSL,Yes,Electronic Check,41,1,No
1992,42,Male,47,118.39,5564.33,Month-to-month,DSL,No,Electronic Check,209,5,No
1993,34,Male,27,75.93,2050.11,Month-to-month,Fiber optic,No,Cash,196,4,No
1994,63,Female,59,53.9,3180.1,Month-to-month,DSL,No,Credit Card,200,2,No
1995,40,Male,45,47.29,2128.05,Two year,DSL,No,Cash,138,4,No
1996,33,Female,32,74.91,2397.12,One year,Fiber optic,Yes,Credit Card,216,5,No
1997,62,Male,49,96.47,4727.03,One year,DSL,No,Bank Transfer,118,5,No
1998,55,Female,54,84.91,4585.14,One year,DSL,Yes,Bank Transfer,44,1,No
1999,43,Male,18,63.81,1148.58,Month-to-month,DSL,No,Bank Transfer,88,4,No
2000,36,Female,43,114.99,4944.57,Month-to-month,DSL,No,Credit Card,95,0,No
